Math,SES,Locale,T,Trt,Y,Graduate
125.1042245306,17.909113938,S,1,HS,214.0572984636,TRUE
108.9495472432,18.2651372142,U,1,HS,181.6292844214,TRUE
108.4752972117,31.9262807053,U,0,8th,155.7150157779,FALSE
95.8759989742,30.6195628773,S,1,HS,138.8785082653,FALSE
101.0796187375,20.6199411508,U,1,HS,161.8724252694,TRUE
100.7625253977,37.9109237455,R,0,8th,180.1039223005,TRUE
115.4439715158,39.8330497723,U,0,8th,203.7913970151,TRUE
88.0824481714,33.304332234,U,0,8th,105.1946638543,FALSE
110.8427240294,27.5062046945,U,1,HS,143.284738643,FALSE
101.2657034156,20.3801183384,R,1,HS,157.0269588521,TRUE
109.4484852284,34.8193808682,U,0,8th,173.3801663567,TRUE
95.7957169634,22.4193814509,U,1,HS,135.450875498,FALSE
113.5147418072,26.095814392,S,1,HS,163.0379060538,TRUE
101.8887104032,37.7179355379,U,0,8th,178.5263628698,TRUE
115.4540140731,28.6300258301,S,1,HS,156.4095902522,TRUE
107.8972424065,20.3967744205,S,1,HS,172.067744692,TRUE
111.5506747491,23.3600188922,S,0,8th,164.9183548214,TRUE
96.60250898,21.9309739266,S,1,HS,151.535579028,FALSE
107.5795257811,38.7925979458,R,0,8th,187.0054553967,TRUE
107.8353268484,22.5150461625,S,1,HS,157.5529451621,TRUE
106.0985558144,29.6585635133,U,0,8th,148.9921078187,FALSE
126.2878936531,18.1551679969,R,1,HS,203.2051669988,TRUE
118.872359943,33.1371809803,S,0,8th,166.5197294928,TRUE
111.1397807105,30.8345167171,U,1,HS,141.7276516942,FALSE
101.6939675065,30.8443589993,U,1,HS,151.6502463521,FALSE
105.0523254961,26.7923928294,R,1,HS,138.4447224535,FALSE
109.371616245,17.9498255961,R,1,HS,181.9081656402,TRUE
117.3215716218,23.6194201987,U,0,8th,168.3204329494,TRUE
114.6525682872,27.5876106098,U,0,8th,153.3240240024,FALSE
95.063645644,31.9276711233,S,0,8th,149.2614901266,FALSE
106.1153929471,28.1864165496,S,1,HS,157.9571958812,TRUE
129.0686694727,36.4337393027,R,0,8th,199.0582486773,TRUE
126.9604473539,31.2836717106,U,0,8th,182.3550312052,TRUE
108.0636968583,18.4887018446,S,1,HS,185.2338455942,TRUE
114.7120233809,27.8568204027,U,0,8th,156.5624490701,FALSE
111.3485825046,23.4791793749,U,1,HS,161.2018386221,TRUE
105.6902229206,25.1027554274,U,1,HS,149.2125960013,FALSE
116.7154422941,26.3023177031,U,0,8th,155.6482681551,FALSE
127.0154623841,17.7366697975,R,1,HS,209.4658792496,TRUE
106.1459658461,23.4198503643,R,0,8th,150.0376682032,FALSE
124.7644958513,18.5195222646,U,1,HS,191.4400458912,TRUE
114.177205248,30.644612005,U,0,8th,156.1145678404,FALSE
124.4171134567,36.2655707318,R,0,8th,184.6755565168,TRUE
119.3253988011,33.2736595925,R,0,8th,165.6016651655,TRUE
115.2348693072,16.2318870053,S,1,HS,213.200431683,TRUE
101.519161905,26.6602274776,R,1,HS,130.1595652797,FALSE
100.6762113555,34.9982709829,U,1,HS,158.324605023,TRUE
114.2684018259,21.1315102484,U,1,HS,168.0191555602,TRUE
97.215726876,27.9832700286,U,0,8th,132.649253668,FALSE
123.4402851367,37.9989619199,U,0,8th,208.5522919244,TRUE
94.9861820249,36.5755965766,S,0,8th,158.6927252243,TRUE
115.4948131467,38.9293782506,U,0,8th,198.5110594794,TRUE
124.153329861,31.5140571482,S,0,8th,168.6084046468,TRUE
108.8617654581,38.7843463197,S,0,8th,203.2247773919,TRUE
107.2657450882,19.2271363605,S,1,HS,190.4066907764,TRUE
103.6385236321,34.1845554374,S,0,8th,168.047275393,TRUE
106.0136527167,30.7441482004,S,0,8th,162.4786941488,TRUE
100.3834440175,29.6692918967,U,1,HS,139.7002005069,FALSE
105.933039647,27.218169963,U,0,8th,152.8900899107,FALSE
115.9983798018,29.2292573862,U,0,8th,152.6687906205,FALSE
111.5536451276,35.6933183596,S,0,8th,171.8766935231,TRUE
103.162869481,35.0186584704,S,0,8th,173.786617833,TRUE
99.2670698846,25.4614141695,U,1,HS,134.7493080805,FALSE
92.836452385,17.2410653252,U,1,HS,155.5081343567,TRUE
109.196070997,16.8403960429,U,1,HS,199.5354181217,TRUE
108.4801737268,19.9798818193,U,1,HS,173.8149998103,TRUE
109.7154752712,39.1027632542,S,0,8th,205.1915222815,TRUE
110.1614021516,34.208612768,U,0,8th,163.7091025843,TRUE
111.5534727006,18.0600355249,R,0,8th,187.6170576164,TRUE
111.6822418572,35.8161407895,S,0,8th,177.3918249399,TRUE
93.0556211326,38.6820494495,S,0,8th,173.673493061,TRUE
109.8990526976,19.6519135498,U,1,HS,177.6412399235,TRUE
112.0873946783,22.2131572347,U,0,8th,166.6771620548,TRUE
103.9750746984,32.7410329916,S,0,8th,166.1336277541,TRUE
122.3073594897,24.1150419433,S,1,HS,178.9821044985,TRUE
122.3461553923,33.2116867956,U,0,8th,173.2538897797,TRUE
114.64620085,26.4412614945,R,0,8th,149.0464021717,FALSE
98.1446173781,24.7233706862,S,0,8th,150.1788435805,FALSE
117.857740674,34.8593913801,S,0,8th,175.6918016608,TRUE
111.5049296402,35.5354504772,R,0,8th,167.1709187323,TRUE
112.7992303625,18.6441915464,U,1,HS,181.2149172464,TRUE
118.1219753296,36.3803548496,U,0,8th,177.2668869369,TRUE
113.9827725699,16.8948206119,R,0,8th,197.3056969216,TRUE
122.6108726722,26.4539094232,U,0,8th,169.3789923336,TRUE
112.9187008032,23.4736904856,S,0,8th,165.9546018267,TRUE
109.572768932,22.4904415607,S,1,HS,168.5013311215,TRUE
121.1655474453,29.098056864,U,0,8th,163.5217937849,TRUE
113.5573135693,33.683265157,U,0,8th,174.9289963494,TRUE
116.327911779,18.2678886801,U,0,8th,198.5738287703,TRUE
105.6005946396,28.7982401606,U,1,HS,143.7696704748,FALSE
105.3917509748,20.0687414762,R,1,HS,168.6081798155,TRUE
103.8673857762,27.3082167096,S,1,HS,146.3071083105,FALSE
127.5860177837,31.6923370715,S,0,8th,195.4713270422,TRUE
114.5377788596,34.4107876476,U,0,8th,163.5274316972,TRUE
96.5829459464,28.2885274868,U,0,8th,131.7088933383,FALSE
103.0380937691,35.0724482276,S,0,8th,168.0335372091,TRUE
106.3884282623,25.1660059001,U,1,HS,154.395987733,FALSE
107.9061470535,36.2755643912,U,0,8th,177.4254250268,TRUE
103.2018890536,17.808378309,S,1,HS,195.1366659874,TRUE
126.0935923817,38.3691168055,S,0,8th,215.106543026,TRUE
105.8143727639,25.0788504239,S,1,HS,157.6507998719,TRUE
114.0330225927,33.7106535342,S,0,8th,172.2112670671,TRUE
103.346969229,18.9623245914,U,1,HS,172.0998531048,TRUE
102.6641403806,18.0962020401,U,1,HS,184.753002563,TRUE
118.7446481515,30.9500577096,U,0,8th,163.4418062509,TRUE
116.6031285783,21.0553914141,U,0,8th,175.8624957088,TRUE
114.4309934042,38.0836671535,R,0,8th,181.8585959722,TRUE
117.0825026688,21.2517563887,S,0,8th,181.4425214155,TRUE
122.843456331,16.3817520197,R,0,8th,219.6779942953,TRUE
108.5677828962,18.0064912234,U,1,HS,187.6700314441,TRUE
107.9350441247,17.3957141489,U,1,HS,193.6491569453,TRUE
101.2390254934,16.3163444642,S,1,HS,205.4045692321,TRUE
111.9943217765,33.9555133674,S,0,8th,179.9993625799,TRUE
129.3158711774,26.6455483623,R,0,8th,181.4893117461,TRUE
99.4435882035,17.2401532456,S,1,HS,190.4306281796,TRUE
107.302216115,31.2960062008,S,0,8th,165.2375560584,TRUE
112.2532265137,21.8096624408,R,0,8th,163.6921449654,TRUE
122.2996712025,36.7184168585,R,0,8th,178.5750564576,TRUE
122.5097348453,37.4467604067,U,0,8th,198.6730291493,TRUE
103.0792592941,32.0467612147,U,1,HS,147.583795217,FALSE
103.2171511455,34.0881836116,R,0,8th,154.7812407854,FALSE
116.1481576807,26.6229289193,S,0,8th,166.3096734283,TRUE
100.3835802674,19.3271407578,R,1,HS,173.1078223159,TRUE
111.0098319627,16.9419928566,R,1,HS,194.6860209282,TRUE
112.3789716736,24.8560584597,S,0,8th,160.8362691144,TRUE
118.2526760405,28.1998850163,R,1,HS,147.2293955895,FALSE
109.419093248,31.8793264851,S,1,HS,165.9576666585,TRUE
124.4806812754,22.6832988486,U,0,8th,187.4234385652,TRUE
103.4981348498,24.2256733142,U,0,8th,154.6869048274,FALSE
111.3081913811,26.7108042724,R,0,8th,148.6505408355,FALSE
116.1653270141,27.502030367,U,0,8th,154.5635206982,FALSE
120.8329018521,22.5385686215,U,1,HS,169.6621376913,TRUE
93.2347622039,18.2572208587,U,1,HS,140.7167856286,FALSE
131.6882257895,24.1930546463,S,0,8th,204.7802686428,TRUE
95.8412608608,38.7933251988,R,0,8th,175.1304284633,TRUE
107.1002099322,20.9859002512,S,0,8th,178.3330925713,TRUE
119.9352663178,16.5623256005,R,1,HS,213.467301618,TRUE
99.2319746582,23.9535948429,R,0,8th,140.869308361,FALSE
117.9868767926,31.4830565676,R,1,HS,148.2268306096,FALSE
110.3168038905,26.5627549682,U,1,HS,142.8828148868,FALSE
111.8240802228,37.7612379361,S,0,8th,197.7803669654,TRUE
92.8094788237,38.2268016674,S,0,8th,173.8357821773,TRUE
110.2277560804,33.0472235903,S,0,8th,165.4709632169,TRUE
119.5068227709,31.9845706951,U,1,HS,151.8862780275,FALSE
111.1099325655,38.0739354789,R,0,8th,186.7511345418,TRUE
122.2041849119,25.0679749325,R,0,8th,159.3215745181,TRUE
110.7806596749,32.8347295988,S,0,8th,162.7767774323,TRUE
120.9207256847,37.1764169056,R,0,8th,179.2905010761,TRUE
99.8398544597,24.7856155373,U,1,HS,147.804306251,FALSE
118.3319649081,25.236590175,S,0,8th,166.0779661259,TRUE
102.5779817631,38.8467443697,U,0,8th,198.8220924432,TRUE
107.9299334782,30.5253074262,U,1,HS,156.6335309885,TRUE
103.463397483,23.9550137147,U,1,HS,149.5762179033,FALSE
112.1340159095,32.685191825,R,0,8th,151.4533556492,FALSE
107.9307270291,34.1485330909,S,0,8th,175.7668380219,TRUE
101.4910747183,24.8676683288,R,0,8th,140.0545252932,FALSE
101.4104347827,35.8887905888,S,0,8th,174.482840724,TRUE
86.1238563174,39.4373858999,R,1,HS,122.7977744989,FALSE
118.8502826954,38.3536839113,S,0,8th,203.9973662002,TRUE
118.3527909532,37.1789000668,S,0,8th,182.5682354943,TRUE
115.192046093,23.6212448273,S,0,8th,168.4877448485,TRUE
124.634405622,37.5176320523,R,0,8th,197.6817636696,TRUE
103.6617362782,27.1454123445,S,1,HS,149.5262693841,FALSE
119.8622432941,38.304320721,U,0,8th,200.7617713938,TRUE
109.9055062081,37.0587355383,U,0,8th,185.1139074107,TRUE
106.1162974191,35.55994769,R,0,8th,171.752685882,TRUE
102.8104312248,33.1900600996,S,0,8th,167.4389216347,TRUE
114.6595426081,26.6112148464,R,0,8th,151.7185821677,FALSE
116.5871736758,19.2550310381,U,1,HS,172.7267224065,TRUE
108.8834399967,32.8098669127,S,0,8th,162.336803342,TRUE
118.8492103213,24.8987190276,S,0,8th,167.430102949,TRUE
104.0006856452,19.2597261891,S,1,HS,177.5231721795,TRUE
127.1822363404,39.7655590121,U,0,8th,230.8322910832,TRUE
113.2551439008,37.4308939893,R,0,8th,180.4210655325,TRUE
114.8257763904,30.8467879966,U,1,HS,153.5245404004,FALSE
111.0417882099,32.5695991106,R,0,8th,146.3255693825,FALSE
114.4615043344,33.9911072701,R,0,8th,159.3261206044,TRUE
101.4916569951,22.7047892045,S,1,HS,156.9578795844,TRUE
116.6622103981,36.3167800754,R,0,8th,171.9172488352,TRUE
95.9117486388,32.2907958776,S,0,8th,149.5761796273,FALSE
130.6672620076,23.6752752569,U,0,8th,197.0909907597,TRUE
105.6977360892,21.80684801,R,0,8th,162.8729943821,TRUE
115.9131071963,21.4793180805,U,0,8th,172.0006146197,TRUE
110.0114100755,18.9097248577,U,1,HS,180.4831210553,TRUE
110.4932569516,30.103750743,S,0,8th,152.3410283542,FALSE
127.3254206045,38.4557230659,U,0,8th,203.283516557,TRUE
100.02027266,26.7098916732,S,0,8th,154.8214005633,FALSE
93.6937466039,24.6958565693,U,0,8th,129.7069357532,FALSE
108.9531624686,28.2013837006,U,0,8th,154.6275950814,FALSE
116.9512240339,20.2374393921,R,1,HS,162.0903510078,TRUE
116.0000410603,34.3292873073,U,0,8th,174.1192014567,TRUE
97.4744382627,35.1941266451,S,0,8th,168.51867491,TRUE
104.0449021087,34.1335489247,U,1,HS,151.7568447404,FALSE
126.0119985763,32.3175131269,S,0,8th,175.7043089237,TRUE
117.0785399261,16.8384308051,U,1,HS,201.2095030452,TRUE
116.8148972081,16.6062785126,R,1,HS,199.4831774113,TRUE
119.8502346193,18.7373365462,S,0,8th,205.9017103461,TRUE
89.025615534,36.639424216,U,0,8th,138.4475505476,FALSE
100.5375947747,21.0382480528,S,1,HS,162.5658487037,TRUE
113.9208535809,22.9412700962,U,0,8th,167.7776785349,TRUE
113.9529660635,20.0277752094,U,1,HS,173.4582157768,TRUE
108.2317909238,35.9609915987,S,0,8th,182.6546958202,TRUE
97.2078393253,23.5688487347,S,1,HS,144.7190246983,FALSE
94.0396654093,22.6470228489,R,1,HS,127.3724097281,FALSE
97.2395103312,35.7609947175,S,1,HS,169.7436420669,TRUE
106.4257978126,24.8284960855,R,0,8th,145.9952657947,FALSE
105.3363664028,31.1849826407,U,0,8th,159.8629140684,TRUE
113.7286137091,25.9976188485,R,1,HS,143.7161189965,FALSE
107.3441313121,25.6620073281,R,1,HS,143.1962529669,FALSE
98.1513161538,38.6103967112,U,0,8th,188.3984360694,TRUE
96.6085618236,18.2255770564,U,1,HS,163.4853149162,TRUE
124.9640824669,29.7322814967,R,0,8th,158.894828257,TRUE
88.1701382368,31.8739610221,U,1,HS,99.973035118,FALSE
108.1863752428,32.536511369,U,0,8th,168.5535106097,TRUE
126.9966254766,36.9095754977,S,0,8th,211.7669207865,TRUE
99.9195626363,35.6972601339,R,0,8th,156.6017166696,FALSE
118.0691111442,31.5407528002,U,0,8th,157.2442558925,FALSE
109.8578890096,32.1456231475,U,1,HS,155.1106029347,TRUE
107.6675460267,30.1258894447,U,0,8th,157.0396450891,FALSE
112.6136846742,29.4378359392,U,1,HS,154.3214930536,FALSE
118.4522400519,35.3934981246,U,0,8th,177.3062681049,TRUE
109.553480428,32.3758627512,U,0,8th,155.2043677735,FALSE
110.0245332045,34.1187506858,U,0,8th,166.6773928071,TRUE
123.790431354,30.9361041095,U,0,8th,170.6657025027,TRUE
123.1071433525,32.6540572457,U,0,8th,170.6502363221,TRUE
111.7871344361,21.7583871763,S,1,HS,169.6886011832,TRUE
95.0104464126,18.2417996712,R,1,HS,156.8352984157,TRUE
102.7568784439,33.2782387994,U,0,8th,157.3078858392,FALSE
121.2981178364,28.7870656922,R,0,8th,150.1084749796,FALSE
107.6998244724,16.4225680102,S,1,HS,212.2565943769,TRUE
96.213113576,26.7336859573,S,0,8th,136.2233705356,FALSE
106.607929199,31.6569039449,S,0,8th,157.3514533039,FALSE
98.0817721402,17.8301685527,U,1,HS,168.0394218613,TRUE
110.2750741733,33.9256277923,S,0,8th,170.8063482865,TRUE
101.4466967968,30.166831214,U,1,HS,136.0962252602,FALSE
120.8757771969,20.6613481045,R,0,8th,179.6689860035,TRUE
107.7182986295,20.4308116082,S,0,8th,181.6901984267,TRUE
117.5993246851,30.5822177101,U,0,8th,157.0725270194,FALSE
104.6627070613,31.3557530157,U,0,8th,156.4362986556,FALSE
114.8271861514,28.4052579552,U,1,HS,148.1906683476,FALSE
112.1301425266,31.9403204825,U,0,8th,167.2172219664,TRUE
116.4542348492,18.8513942547,S,1,HS,192.8914038469,TRUE
112.058541817,18.1221729591,U,1,HS,192.4548557686,TRUE
93.8365166897,36.1938629858,S,0,8th,156.3229915754,FALSE
117.6739702052,39.6770475619,S,0,8th,217.9000304481,TRUE
106.5690029491,33.0160078462,R,0,8th,162.5814104253,TRUE
119.1488780807,26.479795523,U,1,HS,153.7381170218,FALSE
101.7405402757,22.5297752842,R,1,HS,150.7339007698,FALSE
116.7254301313,35.1258841623,R,0,8th,161.0286689276,TRUE
109.3814911679,23.4887056649,R,0,8th,153.1450066389,FALSE
133.6111200229,23.0162593797,U,0,8th,224.6773947904,TRUE
95.724448068,32.3647041079,U,1,HS,134.9460638063,FALSE
123.6667277952,29.4730083942,R,0,8th,158.3151044102,FALSE
115.7696257042,33.5940577406,R,0,8th,152.2206269479,FALSE
125.5467267135,38.8542199824,U,0,8th,218.1650963491,TRUE
104.3978394696,35.3802125398,S,0,8th,175.0644658473,TRUE
121.6636789764,21.6959920656,U,0,8th,180.2728112237,TRUE
119.1746672545,27.8427910917,S,0,8th,161.3241470372,TRUE
112.3033130795,22.8422577363,S,1,HS,163.1513104508,TRUE
124.4545955024,39.242033029,R,0,8th,208.858434093,TRUE
103.3824473877,30.1794174071,R,1,HS,139.1096681088,FALSE
116.7428232421,32.6289200913,R,0,8th,153.0380842004,FALSE
114.086121884,30.898517577,S,0,8th,163.0032881815,TRUE
98.2928709798,37.9557180889,U,0,8th,183.5696194166,TRUE
96.4598982315,33.797693301,R,0,8th,140.5065269599,FALSE
112.9155889755,33.00145551,U,0,8th,158.4090181256,FALSE
109.7357918294,28.3964508493,U,0,8th,160.0429915142,TRUE
115.7254522589,24.0434209779,R,0,8th,153.0132547237,FALSE
115.6078604148,37.8817776442,S,0,8th,196.497711424,TRUE
120.9405780492,30.9722285084,U,0,8th,162.5963168245,TRUE
105.7651640889,34.9797086995,R,0,8th,158.8559037815,TRUE
94.5242459423,29.457678603,U,0,8th,135.3399435009,FALSE
107.1804192124,18.5314377267,U,1,HS,180.7698503576,TRUE
119.3908280562,31.4926625919,U,0,8th,168.419026067,TRUE
121.8908666224,31.5255772192,S,0,8th,172.2198024446,TRUE
125.9104390336,26.6223591343,U,0,8th,181.0356394536,TRUE
92.8025366406,19.0713067334,U,1,HS,148.448174805,FALSE
120.1681810243,28.172112586,U,0,8th,167.5605263963,TRUE
121.1046422317,16.7491942309,U,1,HS,213.6982006153,TRUE
99.4624692909,36.9372365829,U,0,8th,183.3717135122,TRUE
107.6526127701,23.956202643,U,1,HS,152.2781377155,FALSE
99.7739777571,33.467144344,U,0,8th,160.0815787364,TRUE
115.107912044,21.6683761422,R,0,8th,162.7970897719,TRUE
102.8786854872,22.4388233423,S,1,HS,169.4626816241,TRUE
97.8741667009,31.0051701814,R,0,8th,135.3725730625,FALSE
110.4540225263,20.4922299311,U,1,HS,168.2841527876,TRUE
108.965336362,19.1975518521,R,1,HS,168.341334954,TRUE
104.9479471755,35.4804347046,S,0,8th,172.190254287,TRUE
129.7995737473,19.4616358485,R,0,8th,212.5142926731,TRUE
125.6770505022,30.4441803321,R,0,8th,157.6585258637,FALSE
99.7802587541,29.6677016374,U,0,8th,145.0925879863,FALSE
119.142358882,38.5128653664,S,0,8th,208.6750767773,TRUE
108.7623640901,30.7207351532,R,0,8th,154.4234509304,FALSE
100.5919141002,21.3527807631,U,1,HS,150.3319769765,FALSE
115.4656949621,17.8927808106,S,0,8th,203.4077431853,TRUE
92.4921959752,25.0391826257,U,0,8th,128.9966184277,FALSE
111.3824814198,39.4530428536,S,0,8th,202.7631386117,TRUE
111.3606796092,23.8544168342,S,0,8th,171.973833647,TRUE
99.3611711684,20.5310067665,U,1,HS,160.3394073258,TRUE
120.8618519512,39.3242339622,U,0,8th,205.0869697789,TRUE
105.7857353376,28.9215033334,S,1,HS,146.7230586376,FALSE
121.6501562052,21.8090841342,U,1,HS,162.8570681331,TRUE
102.1522975439,21.5105755106,S,0,8th,171.4196580276,TRUE
111.3000227262,26.8650288824,U,1,HS,145.6690426862,FALSE
97.1481408942,31.7554520816,S,1,HS,143.0198030807,FALSE
112.975235994,18.3563133497,S,1,HS,197.4531832381,TRUE
116.9498854893,20.4055823758,U,0,8th,181.6084642979,TRUE
117.8627145773,18.4805100542,U,1,HS,182.4121792157,TRUE
110.6367547056,23.1426334009,U,0,8th,161.5662026647,TRUE
107.1568432116,21.2043963447,U,0,8th,171.921770928,TRUE
126.2563271399,22.9026008509,U,1,HS,174.090763792,TRUE
113.6183326147,17.1110559553,R,1,HS,189.7654674733,TRUE
101.709196691,19.0996091682,S,1,HS,178.1212524956,TRUE
126.5408852411,34.5604442209,S,0,8th,192.7114546027,TRUE
109.4577020901,36.9281648658,S,0,8th,185.2709404022,TRUE
120.2955434911,33.7476961259,R,0,8th,156.2861922688,FALSE
100.5564228175,39.8336885627,U,0,8th,193.3385041119,TRUE
130.1605649408,23.8085064627,U,0,8th,194.3925605669,TRUE
111.5196871547,32.1015434787,S,0,8th,162.5639410839,TRUE
105.8175392499,36.5446976628,U,0,8th,178.1105439814,TRUE
110.0185284429,23.5853509363,S,1,HS,165.1678058745,TRUE
125.7214958257,30.6970082764,S,1,HS,170.7692821378,TRUE
108.293061465,18.4668523353,R,1,HS,178.6030198395,TRUE
91.4675064722,20.5069121309,R,1,HS,126.1902046576,FALSE
102.7074617222,27.6795794778,R,1,HS,129.3221042788,FALSE
104.214448692,17.2208482027,S,1,HS,196.5513739228,TRUE
105.2065309859,18.3567254487,U,1,HS,181.546977021,TRUE
102.0005362463,18.4022450056,U,1,HS,173.6959864545,TRUE
116.862514236,32.4451489598,R,0,8th,149.0845630279,FALSE
110.254497702,36.2923824172,R,0,8th,170.430641569,TRUE
114.1965455277,28.7584569436,U,1,HS,150.4567099294,FALSE
124.948971281,29.3574803434,U,0,8th,172.5985737831,TRUE
120.1944377137,23.2651799656,U,1,HS,166.0902945264,TRUE
118.2842049985,30.9123397544,U,0,8th,163.9634577931,TRUE
113.5563589907,22.0820957515,U,0,8th,179.2184668348,TRUE
113.0734106204,24.777933361,S,1,HS,157.4843749441,TRUE
107.9506027478,24.8509054389,U,1,HS,143.7732337594,FALSE
101.269785121,33.2824786678,U,0,8th,159.0156248954,TRUE
115.5406579409,30.8203998376,S,0,8th,154.0599554516,FALSE
125.8192058202,28.566946784,U,0,8th,180.0251175773,TRUE
113.3017691053,18.7773738299,U,1,HS,184.6630331018,TRUE
101.6597258718,33.8734806143,R,0,8th,150.9697291704,FALSE
102.7184710571,25.7438664082,U,0,8th,160.3019809672,TRUE
103.5955728153,23.1609081402,U,1,HS,154.1820523946,FALSE
121.9907804036,19.0020383783,S,0,8th,206.7121275723,TRUE
114.0948768892,30.7944357526,S,0,8th,159.0573020337,TRUE
96.2121533921,18.3962653391,U,1,HS,166.1760924524,TRUE
109.3913964003,20.6277588289,R,1,HS,171.9096875843,TRUE
100.6669460237,37.3644810971,S,0,8th,176.9443209139,TRUE
90.3033560514,37.3774721809,R,0,8th,138.4405797909,FALSE
121.5230682121,35.1934928615,S,0,8th,182.3803640007,TRUE
116.9165187419,35.7926470637,U,0,8th,185.1046062295,TRUE
110.0540243558,39.7869983669,U,0,8th,215.2897557614,TRUE
123.2711456873,24.9807597715,U,0,8th,168.5025697415,TRUE
107.9581896057,26.1560016088,S,0,8th,156.1017630125,FALSE
114.061833446,20.8397381604,U,0,8th,176.8852497158,TRUE
113.0057817797,24.1134777907,S,1,HS,158.2659258332,TRUE
113.616287617,19.9158089254,U,1,HS,171.7063416972,TRUE
98.4295319946,39.9131978489,R,0,8th,194.9671012539,TRUE
106.8053947966,30.9330544267,S,0,8th,157.6762393776,FALSE
112.9328020901,22.6377519611,R,1,HS,152.6602363615,FALSE
108.8876762915,39.1301236525,S,0,8th,207.0203006205,TRUE
126.9868866074,21.7053385302,S,0,8th,204.1158675121,TRUE
124.1739924516,28.5604980215,S,0,8th,173.7939105675,TRUE
118.66903642,27.521621177,S,0,8th,164.0057907662,TRUE
107.4962233676,32.6797674373,S,0,8th,157.6169924716,FALSE
129.8493273553,22.3702252153,U,0,8th,205.737751383,TRUE
118.3561351133,36.9327685311,U,0,8th,192.4477760536,TRUE
115.9345684377,29.3561126124,R,1,HS,140.3717160982,FALSE
117.932744833,26.2311633192,S,0,8th,161.2433500356,TRUE
117.1996961204,29.8688067067,S,0,8th,157.0072864219,FALSE
105.1377983072,37.8371178918,S,0,8th,179.1805075807,TRUE
103.2140786167,28.3143264707,S,1,HS,141.8629574055,FALSE
125.3276184845,16.1908885464,R,0,8th,227.8041985345,TRUE
111.9817745659,18.2968472671,R,1,HS,182.839649672,TRUE
110.1987512201,27.0225965362,S,0,8th,158.6318728067,TRUE
113.6274806828,37.0465968773,U,0,8th,184.6808974766,TRUE
117.2427487584,35.8625353836,S,0,8th,190.2195828508,TRUE
114.2135640347,33.8645116761,U,0,8th,164.0062842071,TRUE
117.3785421472,22.9445751421,U,1,HS,157.1276120814,TRUE
102.1200792488,38.4209852684,U,0,8th,192.297427477,TRUE
119.4206512857,33.8468764257,S,0,8th,168.4995237153,TRUE
109.6595593816,36.9646303244,U,0,8th,178.1032259887,TRUE
103.0520762576,36.3903304543,R,0,8th,165.034745307,TRUE
111.1121159801,36.1901296638,U,0,8th,180.9956120689,TRUE
111.2594409039,21.1029343344,U,1,HS,169.1597682507,TRUE
91.8592824215,33.0822472274,S,1,HS,128.6822431971,FALSE
118.3614860412,38.1921657883,R,0,8th,183.6602264037,TRUE
114.4714399731,37.6113357171,R,0,8th,179.91323519,TRUE
113.8854388829,22.4885010999,U,1,HS,158.4138076307,TRUE
109.8711776656,25.2745053899,S,0,8th,155.5318237329,FALSE
101.340547974,17.2352576163,U,1,HS,187.9311517692,TRUE
98.4841222179,31.6256194692,R,1,HS,130.8650822218,FALSE
108.8571226104,33.296234265,U,0,8th,173.2917450447,TRUE
104.9209120172,28.8698400091,U,0,8th,151.9826651566,FALSE
114.5036198315,23.0145645365,U,0,8th,167.177752587,TRUE
111.167104248,16.5340374261,U,1,HS,200.946104484,TRUE
128.2721276397,27.3143367618,U,0,8th,180.9456302305,TRUE
98.7989549996,34.2844477575,U,1,HS,155.148220092,TRUE
109.2158047849,27.9528942406,S,0,8th,155.2313453302,FALSE
102.9537889731,33.4344308097,S,1,HS,160.6596799595,TRUE
111.3668465007,20.6636940762,S,0,8th,179.3371939356,TRUE
125.9788064898,31.3746528551,U,0,8th,181.8163741827,TRUE
108.3559994743,37.6404451448,S,0,8th,193.1278450807,TRUE
122.4990877875,30.3425623346,U,0,8th,167.6344420506,TRUE
111.6666642816,37.2702845205,R,0,8th,171.2930373754,TRUE
111.3195769782,37.2510899007,R,0,8th,181.9726533683,TRUE
121.2541035866,22.9074233901,U,1,HS,169.0356614748,TRUE
123.5908984103,39.4146271776,U,0,8th,219.1353211523,TRUE
91.2528322112,35.169446025,U,0,8th,138.9624015613,FALSE
106.2084731521,31.916947769,U,1,HS,150.8289424162,FALSE
124.4917374596,18.6797005851,U,1,HS,205.6571214358,TRUE
102.9472128583,25.843626406,U,1,HS,135.0873035851,FALSE
116.1247060883,23.2570338342,U,0,8th,166.2774470713,TRUE
125.6937721799,38.9250176214,S,0,8th,219.0740617601,TRUE
121.3246758847,23.7874996867,S,0,8th,176.1025269324,TRUE
115.8866856302,34.6797179207,U,0,8th,172.2366531571,TRUE
97.2797066325,31.2559603788,S,0,8th,143.3764425201,FALSE
110.9928149354,21.4062073547,U,1,HS,163.9870639991,TRUE
104.9124510272,18.3559726756,R,1,HS,179.5310862006,TRUE
94.4236092352,32.4223288707,U,1,HS,125.5563539899,FALSE
106.4955387816,16.1792126335,R,1,HS,197.0649498955,TRUE
119.450723223,17.5860583913,S,1,HS,208.1237240762,TRUE
106.3739912617,33.1920145024,U,0,8th,162.5402529925,TRUE
98.5896770517,22.3534614928,U,1,HS,143.340994199,FALSE
115.6334951575,29.8913515117,U,0,8th,146.4865598368,FALSE
102.8939892742,22.5369386375,S,1,HS,160.3064594026,TRUE
106.2660813899,20.9931850862,U,1,HS,165.5406466225,TRUE
111.8787566611,16.6498435996,S,1,HS,206.4457112705,TRUE
110.962885645,25.1954943184,S,0,8th,154.23689449,FALSE
99.7352935946,37.5578148961,R,1,HS,169.2868452752,TRUE
100.3119685215,27.971954342,R,1,HS,137.193319907,FALSE
113.9003807579,19.5437151045,R,1,HS,176.527586248,TRUE
97.5579114769,16.3217129782,S,1,HS,193.9961005569,TRUE
91.2391262281,21.9168124776,S,1,HS,131.4759384618,FALSE
116.9079193909,20.2757959142,S,0,8th,183.4019085193,TRUE
97.4233483195,31.9167882446,U,1,HS,134.9082441937,FALSE
104.6895469957,39.0755438562,U,0,8th,195.4524716432,TRUE
94.0058316233,25.4224614706,R,0,8th,122.0617369703,FALSE
92.4980990475,16.9525396265,S,1,HS,163.6365042552,TRUE
118.9735676188,27.4449704103,S,0,8th,175.0280212656,TRUE
100.040497808,18.1031867862,R,1,HS,169.8319276859,TRUE
101.0931868928,30.0221824925,R,1,HS,135.3866825143,FALSE
124.6309354873,39.4624243937,S,0,8th,219.7979345039,TRUE
107.8649656835,33.9200401865,S,0,8th,167.3041178137,TRUE
119.8505088941,27.604695024,U,0,8th,160.7513203322,TRUE
96.8172958287,39.4322940782,S,0,8th,199.6685065596,TRUE
110.6852305256,38.495163966,S,0,8th,196.9718702828,TRUE
112.5720084483,35.1397066414,S,0,8th,170.8071359896,TRUE
110.0015923522,23.8713977765,U,1,HS,147.7286226449,FALSE
117.2593330905,36.1788208839,S,0,8th,178.9639690294,TRUE
122.5459237019,29.7244427521,S,0,8th,160.9512480539,TRUE
97.0283134868,33.395154139,U,0,8th,154.8524924496,FALSE
113.4967648217,37.3530237563,S,0,8th,188.6888289201,TRUE
88.1102452873,17.6800733265,R,1,HS,126.6537661144,FALSE
112.9730755775,36.0161680579,U,0,8th,177.3488578943,TRUE
101.6284504976,25.0138836224,R,1,HS,129.7583823449,FALSE
122.638247761,28.5747359358,S,0,8th,168.269534625,TRUE
113.229491449,36.0049243774,R,0,8th,166.0265422675,TRUE
113.000073293,34.9696389101,S,0,8th,178.1713686396,TRUE
120.2721052934,37.8239818234,U,0,8th,200.9498050664,TRUE
101.4446272101,22.2050626967,S,1,HS,159.2416672692,TRUE
113.071371779,33.3499272671,R,0,8th,153.4267484634,FALSE
114.0641043912,26.2358546648,S,1,HS,153.0788301263,FALSE
128.1850694236,34.831096869,S,0,8th,202.6286126899,TRUE
79.8497041788,16.824181173,R,1,HS,51.6005387305,FALSE
97.6081821652,30.6075895578,U,0,8th,147.6114675534,FALSE
106.553184929,22.5773771796,U,1,HS,162.5354534376,TRUE
114.4564372247,27.3873167969,U,1,HS,149.6988292276,FALSE
109.7542749419,19.4548350237,S,1,HS,185.8097767299,TRUE
104.1998827332,20.114970617,U,1,HS,168.8197908192,TRUE
118.0888729595,29.393593723,S,1,HS,161.7525788695,TRUE
119.9833134931,39.9216043614,S,0,8th,221.1221949171,TRUE
98.2726248357,36.104987219,U,0,8th,169.0380617124,TRUE
108.294429017,33.970053751,R,0,8th,155.7832678519,FALSE
115.9728598339,35.3697617706,R,0,8th,169.6734776541,TRUE
110.9105453878,22.8053651638,U,1,HS,159.9783871334,TRUE
101.0557516423,16.0909257066,S,1,HS,204.5920924017,TRUE
99.7203773031,20.6802228987,S,1,HS,167.9523131119,TRUE
94.8849229847,37.9740886725,U,0,8th,177.2047879456,TRUE
115.8332101286,37.5491924938,S,0,8th,189.2515936707,TRUE
105.239947294,25.7706035897,U,1,HS,139.413362188,FALSE
123.8832515882,16.7583889831,S,0,8th,222.7699623703,TRUE
115.3424450835,34.3948075101,U,0,8th,168.2371628655,TRUE
109.1117990699,33.6177154221,U,0,8th,167.3045299826,TRUE
108.1075924633,20.1169932485,R,1,HS,170.4396629146,TRUE
113.5545352609,34.0331779029,S,0,8th,172.7542513945,TRUE
108.1506054272,20.7146862503,S,1,HS,174.6523505934,TRUE
130.9038975324,21.6989697702,S,0,8th,212.5461534466,TRUE
113.9741879228,39.6320063267,U,0,8th,208.0416353048,TRUE
106.9150736624,19.9769413527,S,1,HS,182.3846332155,TRUE
90.1210421199,24.2082082443,S,1,HS,108.8015630054,FALSE
94.0409658664,18.5859598834,U,1,HS,154.5922047033,FALSE
97.0955234578,24.5014805645,R,1,HS,130.2426975135,FALSE
100.4679275176,27.4836290441,U,1,HS,138.6067727539,FALSE
99.9971427518,35.8903677668,R,1,HS,150.4287852652,FALSE
91.7637224506,24.0208726469,S,1,HS,121.2919562741,FALSE
104.0200679884,38.0052335225,U,0,8th,180.909234543,TRUE
112.8281648761,37.8240153454,S,0,8th,190.4788235638,TRUE
103.1922769427,29.9152681772,S,1,HS,151.6457026369,FALSE
98.9651655887,19.4554666448,U,1,HS,163.2995588827,TRUE
113.0689055102,18.0823515207,U,1,HS,189.1353498303,TRUE
103.0872933123,38.8722145371,R,0,8th,184.9706085463,TRUE
104.4847577788,28.1070525441,R,1,HS,141.390642605,FALSE
115.6975796109,24.2365545835,S,0,8th,166.5974349115,TRUE
100.5700995218,21.2239386179,U,1,HS,149.7690639025,FALSE
120.9202549027,27.2910362724,R,0,8th,160.9725429948,TRUE
100.04806514,24.1910888217,U,0,8th,150.4623998001,FALSE
104.3996518779,36.1216590591,S,0,8th,180.6514322787,TRUE
114.6143788464,22.4175723121,S,0,8th,175.6137727188,TRUE
123.9401908307,20.442134548,U,0,8th,194.9763181624,TRUE
129.3051522112,18.7648872472,R,1,HS,212.700687353,TRUE
112.2678718505,37.2654026374,U,0,8th,185.9112237193,TRUE
111.5475986474,16.5003246069,U,1,HS,201.9432122832,TRUE
116.6204947629,18.1880950965,U,1,HS,186.5337580835,TRUE
107.0448143298,39.8657712862,S,0,8th,206.9586907127,TRUE
107.3591337329,16.8675156236,U,1,HS,196.3152840789,TRUE
107.1348987854,16.9418522418,U,0,8th,202.8427049074,TRUE
110.6827824155,18.6941853743,S,1,HS,188.5550363967,TRUE
123.876521677,22.9819083288,R,0,8th,172.8642689551,TRUE
103.4012451906,36.1535540055,S,0,8th,183.2810629021,TRUE
120.8195269722,18.1413190365,R,1,HS,191.2331986919,TRUE
97.418365393,36.7099101264,U,0,8th,171.9054095754,TRUE
87.107620089,22.7230648268,U,1,HS,97.2512823534,FALSE
105.1222371297,26.0138416085,U,1,HS,141.6249483605,FALSE
114.0515418281,28.8957097977,R,0,8th,148.6234194355,FALSE
96.5649131102,27.9409641381,S,0,8th,142.3604296628,FALSE
93.9534154512,25.8398606572,R,1,HS,119.8436559286,FALSE
101.1684705767,39.9207727257,S,1,HS,199.5612088582,TRUE
97.9251335334,18.5726261698,U,1,HS,168.3999559237,TRUE
108.0399247156,36.1251697857,U,0,8th,177.5005554681,TRUE
94.5889018385,26.7571154553,U,1,HS,127.2864218151,FALSE
117.442999573,16.0401237234,S,1,HS,214.5653543805,TRUE
139.0738047346,35.031149948,S,0,8th,280.0264919051,TRUE
125.4550358162,24.0246280245,U,0,8th,184.3464873353,TRUE
108.6929812652,25.4950178899,U,0,8th,152.1081236479,FALSE
97.3920713817,35.8694734536,R,0,8th,152.7475119543,FALSE
108.5643646334,28.6781973764,S,0,8th,155.3905256143,FALSE
101.5162828006,32.5306401588,R,0,8th,150.7943142723,FALSE
119.3549524605,36.2603956889,R,0,8th,170.648560027,TRUE
109.6071791592,34.7997443546,R,0,8th,161.0081372008,TRUE
105.1090411742,37.8648018483,S,0,8th,200.7888016088,TRUE
105.8873668696,39.3330217171,U,0,8th,195.1430968692,TRUE
104.1344033006,33.4962101355,U,0,8th,164.6650500725,TRUE
102.3977190513,32.1044581123,S,0,8th,152.4577151514,FALSE
109.2010653982,20.0180611201,U,1,HS,164.500998495,TRUE
114.2430485123,18.0709742997,U,1,HS,184.6469037948,TRUE
110.9809040473,21.1619788688,S,0,8th,176.3374965484,TRUE
118.6318745751,18.6515227389,U,0,8th,198.4533176617,TRUE
108.7062770102,37.0063876193,S,0,8th,184.9474877704,TRUE
120.4130775033,24.5544504095,S,0,8th,172.3216431464,TRUE
105.4063140609,38.4614023194,U,0,8th,193.4549753384,TRUE
114.7847614187,26.3614850771,U,1,HS,144.155327512,FALSE
101.3240061548,37.1547382139,U,0,8th,181.6547763536,TRUE
101.5827025875,18.5054507311,R,1,HS,169.4126422209,TRUE
101.0586890169,28.1061362736,U,0,8th,146.6989739559,FALSE
102.4130354842,26.6896271091,U,1,HS,139.6851815746,FALSE
111.2109495167,35.502722526,U,0,8th,174.8910212886,TRUE
101.8295421529,37.5575716533,R,0,8th,173.2581614987,TRUE
97.3577060839,26.0857283473,U,0,8th,142.3235158018,FALSE
108.5913825714,34.7034036368,R,0,8th,156.7516241169,FALSE
97.4437871997,36.7449352164,R,0,8th,160.8640779096,TRUE
120.4919954225,32.9423161205,U,0,8th,176.9432682678,TRUE
121.7610392246,18.2769447844,U,1,HS,189.8167835888,TRUE
120.2465036774,16.1735475957,U,1,HS,209.5937880294,TRUE
106.3354426283,34.1080770865,U,0,8th,163.8671781499,TRUE
107.9080484991,17.977374576,S,1,HS,191.3734265332,TRUE
96.8401633822,25.9309403617,U,1,HS,133.3416815528,FALSE
97.5556739565,27.0510057006,U,1,HS,124.0578095957,FALSE
111.6318771891,20.4187458307,R,1,HS,166.1521343842,TRUE
92.8303309489,16.4435772393,R,1,HS,157.2575199794,TRUE
119.6146103725,29.9169874676,S,0,8th,167.888869053,TRUE
92.989960187,37.0554925073,S,0,8th,158.6313985038,TRUE
132.5027252263,38.7902033981,S,0,8th,248.3368964573,TRUE
106.4769264937,24.7361301556,R,0,8th,144.4156734098,FALSE
98.5922048609,36.4076452758,S,0,8th,177.331451187,TRUE
110.7894708945,16.4423172828,R,1,HS,198.4838377283,TRUE
102.7073640696,16.0910148453,U,1,HS,199.0001461697,TRUE
104.5541373653,21.8258735221,R,1,HS,150.3230960749,FALSE
132.7606215934,36.7848676872,U,0,8th,239.5080404447,TRUE
103.1460606578,17.8730559126,S,0,8th,192.4691803664,TRUE
118.3136005566,31.3853442073,U,0,8th,165.3349394378,TRUE
107.2911556896,25.7125006951,U,1,HS,147.5355791844,FALSE
99.6457376238,22.0747030359,S,1,HS,154.3957909208,FALSE
119.010866625,20.757734498,R,0,8th,172.2434140086,TRUE
107.1128845595,36.8974556457,S,0,8th,191.6874296015,TRUE
108.1437929967,24.0344612431,R,1,HS,145.9482135111,FALSE
104.2843643509,19.8917444479,R,0,8th,171.6226960127,TRUE
132.4852070745,23.3805084378,S,1,HS,210.6285255414,TRUE
121.6668403533,18.8602570388,R,1,HS,188.5002342363,TRUE
117.3111319976,28.8262543306,S,0,8th,154.9894004432,FALSE
88.6868336585,26.1631574575,S,1,HS,102.1641215172,FALSE
102.7648945353,22.2171890754,U,1,HS,156.9491588133,TRUE
106.4967734471,34.7908440866,U,0,8th,169.7756995856,TRUE
114.6810148244,17.2208395861,S,1,HS,208.2600447896,TRUE
93.7128709677,34.7932858188,R,1,HS,126.0556342891,FALSE
101.9853643131,31.6339066513,R,1,HS,129.1381962448,FALSE
111.5389447059,33.9390703309,R,0,8th,165.0512206219,TRUE
107.7134469539,37.3815584481,S,0,8th,187.6878787734,TRUE
99.7226127397,28.4358997848,S,1,HS,145.4589013306,FALSE
107.0354203469,35.2809728906,U,0,8th,170.9840847616,TRUE
120.3648447116,29.9178986698,U,0,8th,162.1321744683,TRUE
97.4664354402,19.3560055792,R,1,HS,162.1193472864,TRUE
122.6353743982,25.4948307723,U,1,HS,157.1114769582,TRUE
108.9186642827,20.7076843604,S,1,HS,176.026231551,TRUE
123.3247773626,25.3254315369,U,0,8th,172.1220677832,TRUE
106.1270910373,35.1069871336,R,0,8th,160.7631585059,TRUE
101.4555381163,36.963595992,S,1,HS,178.0073569881,TRUE
112.1479161726,28.1350759007,U,0,8th,161.5226773349,TRUE
117.405266451,38.187803125,R,0,8th,182.3855430525,TRUE
94.9620183893,22.9721307717,S,1,HS,142.6301341949,FALSE
101.67866571,38.1359019447,S,0,8th,188.6021998819,TRUE
111.2405184282,36.3476195559,S,0,8th,181.7990777029,TRUE
106.4892898718,37.0844448637,S,0,8th,183.2891830388,TRUE
105.8506961816,36.3180082142,S,0,8th,176.077491313,TRUE
106.1035433681,22.3394448441,R,1,HS,158.1296424441,TRUE
94.0241260316,28.2155748885,U,1,HS,118.3801411841,FALSE
124.0723451525,21.9159272648,U,0,8th,185.3737538574,TRUE
97.6157669604,19.3479896579,R,1,HS,156.417894403,TRUE
89.9636916718,27.4953805786,U,1,HS,94.5324435578,FALSE
108.0646220902,30.0918693673,R,0,8th,148.7939019607,FALSE
115.5169065256,30.5834588408,R,0,8th,147.8807608488,FALSE
111.59044192,21.7532587424,R,1,HS,161.5160047512,TRUE
106.696688648,31.2824329939,S,0,8th,154.7524331617,FALSE
103.5513954789,25.7521044221,R,1,HS,143.7223374188,FALSE
109.3840961261,39.1523947045,S,0,8th,199.8061226913,TRUE
118.0884194507,19.5816474129,U,0,8th,180.1404636736,TRUE
110.3790890445,36.3736867327,R,0,8th,165.8890430828,TRUE
102.0227390124,31.6182522513,U,0,8th,151.6330711084,FALSE
113.3225783564,17.2711687963,S,1,HS,200.8490965986,TRUE
115.3872100798,39.4971890412,U,0,8th,207.3335911823,TRUE
103.9112290393,29.2084922604,U,0,8th,150.6312278455,FALSE
117.6187982552,36.6060365867,R,1,HS,168.3092948428,TRUE
103.1317150417,22.7291871421,R,1,HS,144.8595027698,FALSE
98.614064561,34.8100862261,S,1,HS,156.2452234477,TRUE
107.3601484258,27.6252880637,S,0,8th,145.9060175948,FALSE
98.2922248553,34.3063813876,U,1,HS,141.8149689371,FALSE
126.7802017954,33.1118741538,S,0,8th,184.9753961712,TRUE
112.976843594,18.4883902781,S,0,8th,194.8221578233,TRUE
122.007549421,26.1843448747,S,0,8th,169.0934897549,TRUE
111.3089153745,17.599012522,S,1,HS,193.9507709535,TRUE
126.5643686234,31.1117254216,S,0,8th,180.7300138191,TRUE
93.6138949448,39.764169829,U,0,8th,195.3157164491,TRUE
116.7115493448,20.2048810292,R,1,HS,167.1663956274,TRUE
122.1305945508,34.5641936306,S,0,8th,176.7987977772,TRUE
118.4790328293,35.8679035846,S,0,8th,188.7253128437,TRUE
115.01770442,16.833126111,U,0,8th,212.4954396101,TRUE
114.9476333767,39.0502687804,R,0,8th,192.2836506141,TRUE
109.69757971,37.8766646553,U,0,8th,185.3234832705,TRUE
93.4946777821,24.5456341449,S,0,8th,136.6398104539,FALSE
102.1330889624,31.3641425073,R,0,8th,144.0745095302,FALSE
95.1304047074,18.7114507705,S,1,HS,164.0539626743,TRUE
117.3630161479,27.5808330476,U,0,8th,154.2492811727,FALSE
99.9402435021,33.5903765149,R,0,8th,141.8064311578,FALSE
107.0897074175,37.2409927081,U,0,8th,182.5966660344,TRUE
97.9543647902,31.0040493812,S,1,HS,139.2983937545,FALSE
102.2596795984,34.0376796499,U,0,8th,151.4970184732,FALSE
108.3594267947,21.3107103705,U,1,HS,160.7534974446,TRUE
106.104185396,32.0715686418,S,0,8th,156.3278435631,FALSE
105.5348411706,28.8160273805,R,0,8th,150.2288005576,FALSE
93.5495834455,34.548957672,S,0,8th,151.20737238,FALSE
105.762782753,33.1265244968,S,0,8th,159.4599500015,TRUE
124.8920648592,35.7949462254,U,0,8th,190.2515205734,TRUE
99.580127309,20.8589280527,S,1,HS,163.5719843074,TRUE
121.0459936691,19.7625623215,U,0,8th,193.3887056329,TRUE
118.1790639246,35.5061823409,S,0,8th,182.9545728736,TRUE
113.4700673928,37.5819157567,S,0,8th,192.5251837999,TRUE
98.1267126407,30.1514991764,S,0,8th,145.688499245,FALSE
113.0881268069,28.1459396966,U,0,8th,164.6067756448,TRUE
115.5245164938,35.0980086122,S,0,8th,173.3808888673,TRUE
107.3794630897,28.3629089929,S,0,8th,158.0068481992,FALSE
90.7131079353,30.7763232812,S,1,HS,123.270356241,FALSE
125.2956672316,31.276690105,S,0,8th,179.0498029358,TRUE
108.1468805765,33.4864574168,R,0,8th,152.1366158656,FALSE
102.2507228193,28.4603058305,S,1,HS,147.613501657,FALSE
131.4233351742,19.7090305481,S,1,HS,228.6427785338,TRUE
115.542845278,20.1327819489,U,1,HS,175.1999327382,TRUE
120.5948392117,34.8042810597,R,0,8th,168.4524552552,TRUE
112.7001962424,38.8609335013,U,0,8th,193.8798536788,TRUE
112.449180756,39.9616739936,S,0,8th,214.7444586105,TRUE
120.8122454314,30.981566485,R,0,8th,153.2565887381,FALSE
94.4060174348,22.8228470869,U,1,HS,135.0560221752,FALSE
105.6451981848,31.063640371,S,0,8th,155.8223362195,FALSE
106.9196186444,19.6559850313,R,1,HS,167.0697206086,TRUE
94.3205854393,37.9312827848,R,0,8th,165.1029185354,TRUE
104.3112956416,23.2213013452,U,1,HS,149.6579158568,FALSE
130.3477486089,29.0116891805,R,0,8th,184.8540085343,TRUE
103.3688884681,22.4995818529,S,1,HS,157.2338725746,TRUE
127.6420350541,33.6028299723,S,0,8th,189.3577357064,TRUE
106.0922469834,21.0835105982,R,1,HS,158.2243640839,TRUE
101.4431655208,39.4249437246,U,0,8th,206.9768597648,TRUE
125.4771721398,35.2575273775,S,0,8th,196.3525013462,TRUE
119.8965147253,28.6821877658,S,0,8th,170.6417296457,TRUE
109.9937560442,17.0655540228,U,0,8th,201.3421172413,TRUE
110.3051596695,26.3139372952,S,0,8th,158.1223341189,FALSE
111.6551118517,20.2036046162,R,0,8th,174.7037897969,TRUE
97.6431501241,30.8083833959,R,0,8th,130.3034213025,FALSE
122.34502921,28.4706570506,S,0,8th,167.5347497782,TRUE
93.1394533999,36.4133102577,R,0,8th,146.4831122358,FALSE
105.1335622965,16.6289713532,U,1,HS,202.1339091791,TRUE
122.3524018068,29.6421430018,U,0,8th,166.4578829529,TRUE
112.3861748064,24.2113063298,R,1,HS,152.2501706797,FALSE
112.0153149959,31.6989172008,S,0,8th,159.2553640371,TRUE
118.5355265175,33.5513040219,U,0,8th,166.8547578966,TRUE
115.4846286799,29.4338119663,S,0,8th,158.4774203114,FALSE
115.9380473871,28.1004430838,S,1,HS,154.5847377347,FALSE
100.1205013381,25.6872767545,U,1,HS,137.4862569716,FALSE
105.8060030285,22.0933916457,U,1,HS,155.1162773571,TRUE
103.5719866215,24.2847586237,S,0,8th,161.6949462928,TRUE
103.5857355336,29.749569457,S,1,HS,145.4287251845,FALSE
126.8309671466,16.2072993964,S,1,HS,240.5867916935,TRUE
101.6977080869,21.658974072,S,1,HS,158.5918795757,TRUE
100.287254717,37.3830128703,U,0,8th,186.1178207883,TRUE
114.4907509624,26.9528144095,S,0,8th,160.7516091186,TRUE
88.9498428008,31.5810160153,R,0,8th,101.3724197435,FALSE
121.2538662574,18.3206277937,S,1,HS,202.7442892166,TRUE
102.4010927427,27.6726715602,U,1,HS,138.6340473356,FALSE
116.6292581115,21.3334415667,U,1,HS,173.0660371277,TRUE
103.0503501617,18.4768794216,U,1,HS,180.9856228899,TRUE
117.8371566331,38.6273630187,U,0,8th,195.1591264381,TRUE
127.9685522593,37.7336855084,S,0,8th,216.8074810258,TRUE
112.8805990329,21.9182880893,U,0,8th,171.3934041789,TRUE
109.0178768137,19.1095521506,U,1,HS,187.9267320311,TRUE
120.6560340318,19.8902562913,R,1,HS,180.9753147439,TRUE
120.0584043225,20.0537967104,S,1,HS,193.209532248,TRUE
117.3878447254,34.4753400199,U,0,8th,171.5641580368,TRUE
99.6017473877,23.6376856845,U,1,HS,143.9902839373,FALSE
99.8060414645,21.2054683398,U,1,HS,154.7867887938,FALSE
110.2038362434,24.8171893731,S,1,HS,157.9496218626,TRUE
114.8898349945,24.7689067721,U,0,8th,163.6196526665,TRUE
113.9787145665,39.0125080273,S,0,8th,198.7024507798,TRUE
110.6389716424,36.0408548694,U,0,8th,184.2504213219,TRUE
106.0207543954,25.2593920864,U,1,HS,143.2807090685,FALSE
123.2708653975,22.9872281216,U,1,HS,175.0947961156,TRUE
104.0931507964,26.3927334435,S,0,8th,150.7447614356,FALSE
119.1950336998,38.7908168249,U,0,8th,203.4716340345,TRUE
122.1745743433,31.1048443373,U,0,8th,165.2874083443,TRUE
118.3976393843,18.487008499,U,1,HS,186.6855520097,TRUE
115.8444494286,25.1510955449,U,1,HS,154.4192634491,FALSE
110.3629842996,31.2553398274,S,0,8th,155.6719620299,FALSE
117.2429527417,38.7555207033,R,0,8th,187.9529964024,TRUE
104.1311613347,39.3461665306,S,0,8th,186.3737111432,TRUE
107.1039819895,26.7328204922,U,1,HS,145.6525098876,FALSE
115.7530276932,28.7193597183,S,0,8th,164.0668090098,TRUE
116.4589036507,35.8956809938,S,0,8th,183.7564839893,TRUE
130.812724976,36.2052765228,U,0,8th,220.0264072696,TRUE
113.2938818111,25.3418840896,U,1,HS,152.8790516274,FALSE
103.6005286834,38.9815579727,U,0,8th,194.9564457424,TRUE
100.6661293077,24.8536830172,U,1,HS,141.1438757927,FALSE
121.5118772983,23.5936712883,R,1,HS,159.5896390499,TRUE
116.5692449036,35.2560626343,S,0,8th,186.7598335437,TRUE
115.4311626557,39.0653654039,S,0,8th,210.6345758124,TRUE
120.8191992288,27.0757608972,S,0,8th,170.138821243,TRUE
125.52672414,31.126199862,S,0,8th,173.3869587868,TRUE
116.0125651623,23.3522562329,U,0,8th,171.7272195682,TRUE
102.0942898267,17.2077650297,R,1,HS,180.3248412861,TRUE
96.3952615161,37.7841020301,S,1,HS,167.9005005902,TRUE
115.8607901266,16.1091981437,U,1,HS,208.0007470622,TRUE
111.1101465454,17.4919472542,U,1,HS,187.0146048429,TRUE
118.4377473183,21.4529350456,U,1,HS,167.8680129538,TRUE
102.7381728645,30.1434336398,S,1,HS,151.9039810254,FALSE
115.4718597747,22.4278212227,U,1,HS,165.0023749162,TRUE
113.2502559171,24.1222028043,R,0,8th,158.3074949788,FALSE
112.1079758234,37.6536912788,U,0,8th,185.1729979959,TRUE
129.7746190433,18.7105038222,U,1,HS,217.9346827354,TRUE
103.1200193252,32.0534567516,S,0,8th,161.1745419855,TRUE
117.0399056151,26.9639736619,S,0,8th,158.3356147104,FALSE
121.4740366637,37.9034700375,S,0,8th,202.8971503998,TRUE
105.8818323273,30.7780851182,U,0,8th,158.9864822225,TRUE
102.6258139247,23.6323802639,U,1,HS,153.0785876913,FALSE
113.1022178891,24.2648360971,U,0,8th,165.8894106432,TRUE
107.2169399628,30.9483872298,S,0,8th,163.0258818799,TRUE
134.9510550968,18.8220020607,U,1,HS,250.6563631394,TRUE
121.7086720686,26.2813210525,U,0,8th,166.2038613438,TRUE
124.2355966428,25.0317872837,U,1,HS,170.0689615043,TRUE
98.8989112991,17.6276852638,U,1,HS,174.8675275134,TRUE
117.1311311324,37.8960232195,S,0,8th,197.0560769651,TRUE
113.2408245809,39.8852248508,S,0,8th,211.0610299823,TRUE
96.5807163715,20.4846455436,U,1,HS,145.8086791316,FALSE
107.8590043799,32.301252922,U,0,8th,163.1951252336,TRUE
133.3542203144,28.346903313,R,0,8th,199.1780912995,TRUE
129.7035156578,26.2772462294,R,0,8th,185.7971354773,TRUE
99.6859405887,31.5590505954,U,0,8th,141.8722087301,FALSE
110.8962843884,23.3349829074,S,0,8th,166.6186360269,TRUE
111.7939119818,22.2175400648,U,0,8th,169.6885676224,TRUE
120.12669441,24.5622146055,S,0,8th,169.5836504584,TRUE
98.1596654615,38.1357225608,R,0,8th,170.6569229476,TRUE
108.8836650236,33.4464392439,S,0,8th,172.9905678424,TRUE
121.0254347524,16.4913019463,R,0,8th,212.8434780434,TRUE
103.0543192643,16.0243677516,U,1,HS,194.5890546372,TRUE
111.5578707556,28.3338741362,S,0,8th,163.6947682244,TRUE
111.4220768077,29.5982996747,U,0,8th,148.4937174362,FALSE
106.6009500664,39.7923538443,U,0,8th,211.1759876596,TRUE
119.7564383537,29.9804525562,S,1,HS,165.4407418762,TRUE
119.8238339584,17.4596854933,S,0,8th,217.7527739758,TRUE
116.7652846781,38.058614634,S,0,8th,191.6744906122,TRUE
106.8450478486,18.059131559,S,1,HS,196.9946942035,TRUE
102.1744949697,32.6224937029,R,0,8th,153.6436597573,FALSE
112.4758532776,29.796669757,S,0,8th,162.3654340824,TRUE
111.3459720173,24.931705717,S,0,8th,161.2333256588,TRUE
103.297395453,34.35343723,S,1,HS,167.2863548275,TRUE
107.883612182,22.6886844002,R,0,8th,160.4798050433,TRUE
113.3963226368,27.9838394839,U,1,HS,149.8621353028,FALSE
107.8160860136,21.6014100388,R,1,HS,155.8423666404,TRUE
110.6230142179,21.3479714561,R,1,HS,163.4776646702,TRUE
122.8670108433,17.2277138922,U,1,HS,200.6145997162,TRUE
99.2036623119,17.8831261601,R,1,HS,173.4020417023,TRUE
93.3286124316,38.5771687068,S,1,HS,165.6157580552,TRUE
101.5636743421,19.6792752389,S,1,HS,172.6010336818,TRUE
108.0056954204,18.3071756046,S,1,HS,192.0993347157,TRUE
114.5779802204,26.8046538103,R,0,8th,151.2963257996,FALSE
116.7791297343,30.405089343,R,0,8th,157.3312971442,FALSE
117.1347593751,21.6110847779,U,0,8th,167.1288945967,TRUE
117.2640364937,33.4026678056,U,1,HS,158.2793838522,TRUE
115.7910305221,18.0557043664,U,0,8th,196.9021360378,TRUE
114.6678947175,18.3601024169,R,1,HS,184.6402454429,TRUE
117.2846446683,35.1338316984,U,0,8th,171.1996619652,TRUE
108.6555209318,38.6475177631,S,0,8th,200.0591351851,TRUE
112.1806072892,19.62035417,U,1,HS,176.9223051068,TRUE
91.5604324953,23.8584487811,U,1,HS,117.0012453654,FALSE
126.7184153388,22.5756437685,U,0,8th,187.7563712243,TRUE
107.1834413397,33.3965043798,U,0,8th,161.9636638313,TRUE
97.7625382875,33.9134073183,S,0,8th,146.5946465758,FALSE
116.504517375,35.9560255501,S,0,8th,179.3534978511,TRUE
117.9575759888,35.246018393,S,1,HS,182.4717693251,TRUE
101.4349643535,26.1869527698,R,0,8th,142.6732748823,FALSE
112.1490074819,25.7862620577,R,1,HS,145.3657459648,FALSE
116.9524044764,23.2415738385,U,1,HS,159.8596844238,TRUE
104.6223518697,27.572749652,U,1,HS,142.1660888707,FALSE
94.9924547694,29.7803059742,S,1,HS,124.7002188329,FALSE
121.4795097185,38.687480621,U,0,8th,210.3133260378,TRUE
119.665662975,36.5896065701,S,0,8th,193.7786215909,TRUE
110.5663090156,36.4862154089,U,0,8th,179.659821601,TRUE
113.66482411,27.0583321601,U,1,HS,148.0769964872,FALSE
96.8889921875,19.5571668297,R,1,HS,151.5431439858,FALSE
106.5137111434,27.2810267266,S,0,8th,161.4672125845,TRUE
123.2133624787,16.8634758368,U,1,HS,210.2084545898,TRUE
109.6426682598,21.3531631846,U,0,8th,171.2674888204,TRUE
114.2779417096,35.1237430386,S,0,8th,177.8193413048,TRUE
115.895306242,17.098918004,R,1,HS,200.6634997031,TRUE
111.5296459245,24.6813685279,R,0,8th,150.2275585619,FALSE
118.8032722401,25.3590527084,R,1,HS,152.5862597017,FALSE
102.1596799183,34.9457221441,S,0,8th,170.8347680024,TRUE
101.9750097087,27.2635574993,R,1,HS,140.827718845,FALSE
126.7350366046,38.2509622741,U,0,8th,220.8757268551,TRUE
108.0355328025,17.8241676688,R,0,8th,192.7553752021,TRUE
111.9165117612,25.5668691285,U,0,8th,162.6470519283,TRUE
93.9967812462,39.8879917953,S,0,8th,194.0955028436,TRUE
115.8509870205,34.3669547085,U,0,8th,172.1925977043,TRUE
110.6861733855,32.4552504718,S,0,8th,165.4313485539,TRUE
114.8113221207,38.0508445203,S,0,8th,195.1345609589,TRUE
105.8100149415,30.580244448,S,1,HS,158.3932314622,TRUE
114.1607720813,33.2786452435,U,0,8th,173.7823215395,TRUE
96.7183511981,36.0369646885,R,0,8th,147.2657624163,FALSE
87.0060659637,21.0887194257,S,1,HS,111.5112628511,FALSE
108.4683882918,18.4331830852,U,1,HS,187.8359619523,TRUE
114.6558842042,28.1680097952,U,0,8th,165.817780376,TRUE
118.7794521713,33.7755955365,U,0,8th,173.6722191074,TRUE
127.8912480193,17.3493628725,S,1,HS,230.4106894394,TRUE
106.8030381316,31.2041002084,S,1,HS,155.763700031,TRUE
120.316244693,28.8639166746,S,0,8th,161.0265483539,TRUE
97.8149221408,17.544026712,S,1,HS,180.1581221853,TRUE
103.5919708655,16.2012071218,R,1,HS,184.4725701691,TRUE
108.6564769094,22.8887300137,U,1,HS,158.1898908592,TRUE
121.0274725549,26.7866947111,U,0,8th,158.918159213,TRUE
110.9500034524,29.2909115814,S,0,8th,160.5035210853,TRUE
133.3843423518,39.7431727592,S,0,8th,257.8717993647,TRUE
99.9189912542,39.3354710713,U,0,8th,194.307563927,TRUE
107.366317598,26.1109525617,R,1,HS,144.6366906438,FALSE
106.0512689614,29.336242523,R,1,HS,141.9390775859,FALSE
113.4300157082,24.1124625858,R,0,8th,158.6689984883,TRUE
115.4695137588,23.6655078027,R,1,HS,154.2742075414,FALSE
110.6936829847,16.1986335311,U,1,HS,210.6043857739,TRUE
110.3171871161,20.6044822223,S,1,HS,177.162818686,TRUE
100.330150954,35.1082185861,U,1,HS,158.210274017,TRUE
98.5923881779,21.7194271851,S,1,HS,160.4048288145,TRUE
124.9444865731,32.4299706854,U,0,8th,174.3174156615,TRUE
92.604072745,33.3300914597,R,0,8th,123.1292069777,FALSE
120.1547993535,23.6538951509,R,0,8th,156.1818761823,FALSE
114.0233739687,25.6367108058,S,1,HS,147.8329062238,FALSE
122.4689871088,38.6643406674,S,0,8th,216.2794591183,TRUE
125.5388687118,29.8976707626,U,0,8th,177.5000802935,TRUE
118.3470414756,25.3205412049,U,1,HS,154.5023789406,FALSE
107.193286315,21.2073445674,S,1,HS,168.78404333,TRUE
115.2202475309,39.8738129009,U,0,8th,205.4348937953,TRUE
118.4139900692,34.5617735516,U,0,8th,177.7306237799,TRUE
95.9463177922,27.7564956993,S,0,8th,141.3087600973,FALSE
113.6378366661,27.6561419051,S,0,8th,157.2920456326,FALSE
92.0492675757,26.4654886872,U,1,HS,109.4749605062,FALSE
111.2710676676,19.2882012408,S,1,HS,184.1023178914,TRUE
103.3065199572,25.0895792656,R,1,HS,136.528116869,FALSE
114.8835423102,35.2774171866,U,0,8th,177.9335009349,TRUE
106.0938678103,29.5184701998,U,1,HS,145.472736677,FALSE
96.7817986246,19.3894157559,S,1,HS,164.1960072346,TRUE
107.3636725647,36.7286469769,U,1,HS,174.8445371864,TRUE
131.1474281806,32.9931261837,S,0,8th,207.1740105591,TRUE
92.5373650508,39.6336140539,U,0,8th,172.424039647,TRUE
118.1216627502,31.3843727112,U,0,8th,155.041124539,FALSE
118.2426458249,36.8020154908,U,0,8th,182.8306581111,TRUE
125.5950256359,39.2216167077,U,0,8th,225.3429723682,TRUE
102.0793238925,18.5401075426,S,0,8th,186.3054173353,TRUE
117.2944016794,35.8408141732,U,0,8th,170.9955452372,TRUE
111.2491653963,32.9448514674,S,0,8th,171.0996622649,TRUE
126.0149788524,18.9016036093,R,0,8th,204.3017826729,TRUE
104.3442585142,36.8836566471,U,0,8th,185.0649718289,TRUE
106.0084999088,28.677109668,S,0,8th,153.0308464885,FALSE
101.9903066356,30.1769204438,U,0,8th,145.6191510022,FALSE
118.0486066225,27.3940826301,U,1,HS,150.412631474,FALSE
118.8476722235,32.4043647088,U,0,8th,164.1781244977,TRUE
104.4689654523,25.0393605791,U,1,HS,149.2438755841,FALSE
119.6824447522,22.2008941416,S,1,HS,170.7125575609,TRUE
109.5854054546,20.4373154119,U,1,HS,170.6249553198,TRUE
113.264676978,35.7908873279,S,0,8th,187.3180128301,TRUE
107.0753622726,33.011320686,S,0,8th,175.7104326564,TRUE
117.4938577384,38.8955165073,U,0,8th,206.3546149281,TRUE
116.4618775666,21.2880123667,R,0,8th,159.9597190078,TRUE
118.2616929402,17.3326350469,R,1,HS,194.5514212148,TRUE
85.8755310759,25.3614406735,U,1,HS,75.7337905125,FALSE
95.3753039196,19.2407929618,R,1,HS,149.9455275956,FALSE
113.3369352275,36.4362392053,U,0,8th,178.7144123869,TRUE
120.5235841025,19.8364124876,U,1,HS,172.2062656128,TRUE
102.7490010894,21.8689572643,S,1,HS,159.2886185181,TRUE
101.0085790954,29.9553484824,U,1,HS,142.9917108235,FALSE
130.2369047371,31.9589380138,S,0,8th,201.637215809,TRUE
105.729895177,17.832796894,S,1,HS,182.8710373098,TRUE
123.2727490339,24.1330286246,S,1,HS,172.1479904019,TRUE
108.748228227,23.8020075262,U,1,HS,156.5438602101,TRUE
120.9012001952,21.8480606657,S,0,8th,180.8657960445,TRUE
129.653275093,35.1973226313,U,0,8th,205.5149886425,TRUE
105.9913986268,34.8848628551,U,0,8th,172.3551215567,TRUE
108.2690314135,38.3287131768,R,0,8th,180.7765299601,TRUE
120.9521784588,32.4021941647,S,0,8th,169.1549546746,TRUE
109.1934928504,38.0600718949,S,0,8th,187.8367476815,TRUE
112.3752339824,29.057416033,S,1,HS,157.0079047276,TRUE
112.5033935589,19.727700064,S,1,HS,183.5900398406,TRUE
100.2568112708,36.6962303966,S,0,8th,184.8457200656,TRUE
97.558337178,28.6303248238,U,0,8th,140.4536025746,FALSE
97.74033052,33.7271187268,U,0,8th,144.7730021476,FALSE
91.408756763,28.9631802794,R,1,HS,105.6068579171,FALSE
102.3458529994,32.5907900985,S,0,8th,158.4438738601,FALSE
111.0668515465,33.3372247387,S,0,8th,175.3475864005,TRUE
103.1717008574,32.1262213159,U,0,8th,148.1228761726,FALSE
108.7463847641,34.5549658705,U,0,8th,171.9407626171,TRUE
115.4587485868,20.0332340468,R,1,HS,174.3757383608,TRUE
132.5906960366,29.7297753692,R,0,8th,190.5171163012,TRUE
116.8062601961,34.1258314606,S,0,8th,169.8155346986,TRUE
100.2301921934,33.4393766467,R,0,8th,138.9019696211,FALSE
106.1315865414,28.2772169076,S,1,HS,149.3823252088,FALSE
106.8018943193,39.3641311228,U,0,8th,204.1690944575,TRUE
94.8350698702,26.5430913698,S,1,HS,133.2367137079,FALSE
101.4256540807,39.8528522812,S,0,8th,220.2482694777,TRUE
109.5366058624,18.6692970116,U,1,HS,175.3723836914,TRUE
100.6344223768,26.2208549641,U,0,8th,143.2103099624,FALSE
111.7236405634,30.4697039202,S,0,8th,156.5580469493,FALSE
108.7218587477,16.4283789713,S,1,HS,205.4080775953,TRUE
99.5809024891,29.2326135002,U,1,HS,141.7843184638,FALSE
99.3569629939,39.0183630772,S,0,8th,201.7306654917,TRUE
115.1439960743,24.2309450787,S,0,8th,165.1048553071,TRUE
115.1806213878,35.7249686494,R,0,8th,172.275205026,TRUE
90.1449692749,29.749790974,S,0,8th,107.5402821734,FALSE
112.1636445953,34.0738594308,S,0,8th,173.1579235481,TRUE
110.9596806913,26.3210619185,U,0,8th,148.4537273887,FALSE
117.4384837802,18.1640851963,S,1,HS,194.2923862087,TRUE
125.9048736844,36.2502524406,S,0,8th,195.1219087444,TRUE
116.5242460393,26.0481211394,R,0,8th,151.3177601841,FALSE
100.009279336,18.6556194779,U,1,HS,170.8652604893,TRUE
109.1896751659,39.7791114487,U,0,8th,205.5017558156,TRUE
138.0299580466,28.5066998713,S,0,8th,250.0655772665,TRUE
117.6567003295,34.9428181611,U,0,8th,173.4761793372,TRUE
111.8335094286,38.9703300726,S,0,8th,206.8333017915,TRUE
112.7032592021,37.963243166,R,0,8th,186.5917297056,TRUE
113.5230739256,30.0449898187,U,0,8th,150.7244108625,FALSE
101.6785298862,30.2902469654,U,0,8th,150.3914198137,FALSE
111.8335061475,35.8153782096,S,0,8th,182.466080788,TRUE
106.3747810886,36.1393712722,S,0,8th,183.6152924569,TRUE
96.8195264635,29.3123516794,U,0,8th,132.9823522191,FALSE
110.0201275568,32.8947013002,S,0,8th,162.1954798124,TRUE
114.2366983964,33.1579586063,U,0,8th,153.8733318284,FALSE
108.7362875501,28.3342870567,S,0,8th,160.0567440009,TRUE
106.4646385778,37.0735313687,U,0,8th,187.8326056324,TRUE
121.8014080023,18.7590912171,S,0,8th,204.2224027468,TRUE
114.3479505294,28.2920872979,U,0,8th,155.0430618918,FALSE
120.8168293587,36.5647631679,S,0,8th,191.0022822365,TRUE
117.6581494929,26.3289297707,S,1,HS,162.2874664672,TRUE
114.3845018517,39.6945619956,U,0,8th,205.4227970314,TRUE
124.5562173056,35.9666306358,U,0,8th,195.6282186463,TRUE
115.6132711442,19.0581795722,U,1,HS,183.5786784711,TRUE
137.9596064199,33.5095735826,R,0,8th,249.1060988371,TRUE
113.0423215496,27.7384301554,S,0,8th,155.3724163086,FALSE
116.4971348435,24.5377370398,S,1,HS,162.362000742,TRUE
93.8634503084,17.4070105068,U,1,HS,166.7380165142,TRUE
90.6994012456,36.2876923345,U,0,8th,148.0478159525,FALSE
113.8982849581,18.8968217783,U,1,HS,184.037011964,TRUE
102.9591281055,29.9784905203,S,0,8th,154.9322760057,FALSE
95.5648667997,37.638540592,R,1,HS,161.993205956,TRUE
110.8799880022,38.7277549505,U,0,8th,194.3286045492,TRUE
109.8919128415,23.3318333123,R,1,HS,150.5173328259,FALSE
129.4875593669,26.8993655276,S,0,8th,192.192305849,TRUE
106.2610255554,24.5991281047,S,1,HS,153.5172992733,FALSE
107.8142526273,38.7174809389,S,0,8th,203.6742582464,TRUE
