city,inventory_mean.2000,inventory_mean.2001,inventory_mean.2002,inventory_mean.2003,inventory_mean.2004,inventory_mean.2005,inventory_mean.2006,inventory_mean.2007,inventory_mean.2008,inventory_mean.2009,inventory_mean.2010,inventory_mean.2011,inventory_mean.2012,inventory_mean.2013,inventory_mean.2014,inventory_mean.2015,inventory_sd.2000,inventory_sd.2001,inventory_sd.2002,inventory_sd.2003,inventory_sd.2004,inventory_sd.2005,inventory_sd.2006,inventory_sd.2007,inventory_sd.2008,inventory_sd.2009,inventory_sd.2010,inventory_sd.2011,inventory_sd.2012,inventory_sd.2013,inventory_sd.2014,inventory_sd.2015,listings_mean.2000,listings_mean.2001,listings_mean.2002,listings_mean.2003,listings_mean.2004,listings_mean.2005,listings_mean.2006,listings_mean.2007,listings_mean.2008,listings_mean.2009,listings_mean.2010,listings_mean.2011,listings_mean.2012,listings_mean.2013,listings_mean.2014,listings_mean.2015,listings_sd.2000,listings_sd.2001,listings_sd.2002,listings_sd.2003,listings_sd.2004,listings_sd.2005,listings_sd.2006,listings_sd.2007,listings_sd.2008,listings_sd.2009,listings_sd.2010,listings_sd.2011,listings_sd.2012,listings_sd.2013,listings_sd.2014,listings_sd.2015,median_mean.2000,median_mean.2001,median_mean.2002,median_mean.2003,median_mean.2004,median_mean.2005,median_mean.2006,median_mean.2007,median_mean.2008,median_mean.2009,median_mean.2010,median_mean.2011,median_mean.2012,median_mean.2013,median_mean.2014,median_mean.2015,median_sd.2000,median_sd.2001,median_sd.2002,median_sd.2003,median_sd.2004,median_sd.2005,median_sd.2006,median_sd.2007,median_sd.2008,median_sd.2009,median_sd.2010,median_sd.2011,median_sd.2012,median_sd.2013,median_sd.2014,median_sd.2015,month_mean.2000,month_mean.2001,month_mean.2002,month_mean.2003,month_mean.2004,month_mean.2005,month_mean.2006,month_mean.2007,month_mean.2008,month_mean.2009,month_mean.2010,month_mean.2011,month_mean.2012,month_mean.2013,month_mean.2014,month_mean.2015,month_sd.2000,month_sd.2001,month_sd.2002,month_sd.2003,month_sd.2004,month_sd.2005,month_sd.2006,month_sd.2007,month_sd.2008,month_sd.2009,month_sd.2010,month_sd.2011,month_sd.2012,month_sd.2013,month_sd.2014,month_sd.2015,sales_mean.2000,sales_mean.2001,sales_mean.2002,sales_mean.2003,sales_mean.2004,sales_mean.2005,sales_mean.2006,sales_mean.2007,sales_mean.2008,sales_mean.2009,sales_mean.2010,sales_mean.2011,sales_mean.2012,sales_mean.2013,sales_mean.2014,sales_mean.2015,sales_sd.2000,sales_sd.2001,sales_sd.2002,sales_sd.2003,sales_sd.2004,sales_sd.2005,sales_sd.2006,sales_sd.2007,sales_sd.2008,sales_sd.2009,sales_sd.2010,sales_sd.2011,sales_sd.2012,sales_sd.2013,sales_sd.2014,sales_sd.2015,volume_mean.2000,volume_mean.2001,volume_mean.2002,volume_mean.2003,volume_mean.2004,volume_mean.2005,volume_mean.2006,volume_mean.2007,volume_mean.2008,volume_mean.2009,volume_mean.2010,volume_mean.2011,volume_mean.2012,volume_mean.2013,volume_mean.2014,volume_mean.2015,volume_sd.2000,volume_sd.2001,volume_sd.2002,volume_sd.2003,volume_sd.2004,volume_sd.2005,volume_sd.2006,volume_sd.2007,volume_sd.2008,volume_sd.2009,volume_sd.2010,volume_sd.2011,volume_sd.2012,volume_sd.2013,volume_sd.2014,volume_sd.2015
Abilene,6.466666667,6.625,5.841666667,5.683333333,4.558333333,3.825,4.481818182,4.958333333,6.316666667,6.125,6.433333333,5.95,6.116666667,5.45,5.416666667,4.628571429,0.333938844,0.709833527,0.531649805,0.460895045,0.328794861,0.407040315,0.592989345,0.323217724,0.593653302,0.572276157,0.177525073,0.654356033,1.14243228,0.167874412,0.399621033,0.340168026,750.9166667,769.6666667,715.75,726.1666667,677.6666667,612,733.7272727,863.6666667,924,811.5,879.25,800,969.5833333,958.75,963.8333333,878.5714286,40.28863664,74.34359217,52.40424167,45.0228898,39.68817853,57.98118817,95.48203067,67.95230056,63.51807187,71.51922818,38.09825813,59.1976658,196.0451981,20.34754843,62.38273848,84.24143308,66600,70975,68600,71933.33333,74866.66667,87591.66667,100291.6667,103650,107133.3333,108366.6667,112000,114491.6667,114350,118133.3333,128458.3333,137414.2857,5714.415583,6331.325439,6756.141987,5598.10574,7892.267025,10138.53659,5186.776602,10931.39765,10211.52053,9849.811566,12495.38096,7996.301228,10499.13416,13067.81844,8849.597662,8048.691109,6.5,6.5,6.5,6.5,6.5,6.5,6.5,6.5,6.5,6.5,6.5,6.5,6.5,6.5,6.5,4,3.605551275,3.605551275,3.605551275,3.605551275,3.605551275,3.605551275,3.605551275,3.605551275,3.605551275,3.605551275,3.605551275,3.605551275,3.605551275,3.605551275,3.605551275,2.160246899,114.5833333,119.25,126.3333333,136,152.5,164.75,166.4166667,166.9166667,137.5833333,136.1666667,132.5,143.25,168,180.9166667,180.3333333,205,26.46252353,22.23480073,23.5500756,31.18566104,26.89204005,34.23481747,31.67579613,48.31987796,32.12605381,29.37789315,35.6102641,41.12757314,34.42514937,39.97830851,34.77547028,45.12944346,9047916.667,9530416.667,9889583.333,11306250,13305833.33,16571250,18960833.33,19338548.75,16043361.25,16863146.33,16454745.33,18347152.42,22129741.17,24190025.33,25915450.92,31731367.71,2569447.64,2138483.382,2249757.015,2789557.74,3195404.252,4270572.202,4014520.142,6130233.468,3714435.637,4461773.791,4760837.435,5064372.242,5433975.054,6186487.897,6113544.742,9255992.293
Amarillo,6.075,5.966666667,6.05,6.45,4.8,4.345454545,4.95,4.963636364,5.475,6.491666667,6.4,6.633333333,5.641666667,5.016666667,4.85,4.142857143,0.65937298,0.201509455,0.519615242,0.519615242,0.22563043,0.254415551,0.403457281,0.436515125,0.33608711,0.591543948,0.428952212,0.817238513,0.405548637,0.332574895,0.3,0.276026224,1089.166667,1094.416667,1173,1325.833333,1203.333333,1141,1316.6,1424,1459.916667,1477.333333,1461.636364,1415.25,1322.083333,1270.583333,1235,1120.142857,108.8191438,43.22974215,78.68464099,85.25771981,46.21950264,73.07940886,117.7843604,117.9686399,63.89118353,94.4162287,110.1909912,136.0909622,82.6223152,95.30473453,79.17988725,79.89665945,85933.33333,90675,91100,94350,96941.66667,106025,114216.6667,117816.6667,124000,123283.3333,125116.6667,126658.3333,132800,137008.3333,141750,147957.1429,6378.562581,3594.72467,6286.059613,8120.288844,5130.914916,8992.736968,6999.328972,7426.712638,4738.239028,4002.915604,7331.480482,6003.704664,7578.438314,9967.169593,5515.020811,6594.911458,6.5,6.5,6.5,6.5,6.5,6.5,6.5,6.5,6.5,6.5,6.5,6.5,6.5,6.5,6.5,4,3.605551275,3.605551275,3.605551275,3.605551275,3.605551275,3.605551275,3.605551275,3.605551275,3.605551275,3.605551275,3.605551275,3.605551275,3.605551275,3.605551275,3.605551275,2.160246899,173,195.25,187.4166667,235.6666667,254.75,259.4166667,287.0833333,275,250.75,233.0833333,213,225.4166667,244.4166667,254.75,258.5,294,37.40199314,36.3571301,22.86902762,43.81642144,42.8042585,74.36330759,59.42368419,52.91846215,57.72682534,42.71780198,64.59665063,67.46643385,50.05898036,44.81908076,48.45522769,68.54925237,17172083.33,20917500,20249583.33,25668750,29292916.67,32798333.33,38162916.67,37922916.67,36051666.67,33036862.67,30755346.5,32098876,38241215.83,40932410.58,43451817.33,51018637,4221454.649,4238702.364,3138227.973,6125641.386,5715065.202,10698082.31,9013656.674,8742547.855,8818017.024,6604221.99,9714430.854,7646399.668,9410797.703,8049242.449,8693901.49,12595037.11
Arlington,3.458333333,3.641666667,4.15,5.816666667,6.175,5.909090909,5.641666667,5.733333333,5.575,5.291666667,5.633333333,5.766666667,3.691666667,2.366666667,1.791666667,1.414285714,0.137895437,0.178164037,0.437970526,0.507817672,0.325087401,0.490824909,0.227469612,0.234843597,0.330633002,0.372847357,0.526279106,0.792388029,0.450168319,0.257022579,0.23915888,0.167616342,1388,1567.083333,1823.916667,2529.75,2774.5,2870.545455,3026.333333,3029.916667,2438.333333,1922.833333,1997.416667,1747.666667,1229.583333,925.9166667,764.75,608.7142857,40.63138062,86.50324044,167.2931332,219.6853639,137.4485028,180.2322744,161.8676976,184.0595054,242.8498726,166.120347,188.7896657,201.8560843,111.9906314,81.35830777,89.24850393,80.25109404,102841.6667,111600,114958.3333,120158.3333,120441.6667,128433.3333,130308.3333,130283.3333,129541.6667,128758.3333,129716.6667,124266.6667,130191.6667,142266.6667,156550,170142.8571,5306.33555,3464.626439,3175.032808,3442.63597,3136.720445,5337.744388,3045.252142,2904.176721,3372.740546,4031.795975,3606.769729,5020.382697,8178.403749,8494.846923,7046.146594,8848.513461,6.5,6.5,6.5,6.5,6.5,6.5,6.5,6.5,6.5,6.5,6.5,6.5,6.5,6.5,6.5,4,3.605551275,3.605551275,3.605551275,3.605551275,3.605551275,3.605551275,3.605551275,3.605551275,3.605551275,3.605551275,3.605551275,3.605551275,3.605551275,3.605551275,3.605551275,2.160246899,414.0833333,444.8333333,433.5833333,442.0833333,461.9166667,512.5833333,548.5833333,490.1666667,401.1666667,355.75,323.5833333,309.9166667,354,422.0833333,437.5833333,437.4285714,82.80915445,79.82575722,61.05505464,64.94117385,80.98087129,100.3389332,116.7152388,92.99348299,80.17575391,68.384109,77.53997014,72.05485074,71.72675423,77.18155495,87.66512558,125.8740867,49900960,57183529.25,56259525.17,59732586.83,63479569.58,74795954,80738482.33,72955010.75,59170193,51298264.17,47754575.17,45472624.42,53450306.83,69170310.92,78420324.67,85960039.43,10645241.42,10532936.42,8856524.057,9559469.975,12178364.66,16649787.63,17956615.38,13701120.81,13353908.51,10966456.28,12350565.36,11094122.82,13268906.24,16117042.16,17945622.57,30328897.39
Austin,2.375,4.666666667,5.65,6.6,5.891666667,4.341666667,3.608333333,3.975,5.541666667,6.391666667,6.566666667,5.85,3.983333333,2.575,2.483333333,2.528571429,0.280016233,0.910877033,0.688212441,0.53597829,0.57280543,0.492596706,0.210878394,0.534492112,0.548482756,0.575970854,0.582054876,0.90201794,0.611753565,0.259807621,0.321455025,0.314718317,3657.666667,7163.583333,8830.916667,10340,10393.91667,8964.75,8695.25,9832.916667,11584.83333,10803.08333,11579.08333,9734,7685.5,6103.5,6307.833333,6586.714286,451.7455707,1320.087219,1096.97903,638.5477842,735.0004896,668.4894947,483.7396229,1202.178361,879.2367386,736.0172254,1381.005395,1169.616021,892.4954291,543.7600574,837.4945138,900.2582434,143925,149991.6667,154191.6667,154058.3333,153250,160891.6667,171766.6667,183650,187233.3333,185358.3333,189658.3333,190033.3333,201741.6667,220508.3333,238791.6667,259000,6583.329498,4987.15775,3094.998409,4768.353696,4750.598048,6295.807889,4333.449882,5527.863306,5917.052911,6459.588832,10457.57301,4816.512003,10714.59992,9819.318467,9580.421165,13597.05851,6.5,6.5,6.5,6.5,6.5,6.5,6.5,6.5,6.5,6.5,6.5,6.5,6.5,6.5,6.5,4,3.605551275,3.605551275,3.605551275,3.605551275,3.605551275,3.605551275,3.605551275,3.605551275,3.605551275,3.605551275,3.605551275,3.605551275,3.605551275,3.605551275,3.605551275,2.160246899,1551.75,1532.666667,1559.666667,1649.416667,1880.583333,2242.083333,2523.666667,2337.333333,1870,1728.916667,1656,1767.333333,2126.75,2536.333333,2579.416667,2696.857143,297.8126699,264.493799,224.7642536,325.5770983,419.6921942,437.8599731,503.1562803,549.649034,445.0591381,401.9971638,428.5033149,393.3784514,500.836051,590.8115118,525.6039744,665.737543,296753326.6,296378843.4,307995615.1,324918209.9,373955377.3,471744576.3,580143800.6,575913540,455876514.3,410353364.4,408870425.8,444720167.6,565780982.1,726572499.8,787968798.5,884108176.7,64452976.58,57635647.16,45497589.12,70239557.94,90234692.5,103425089,124858246.1,145105739.3,120088109,101112639.7,107281826.9,110751388.3,153600813.6,190415816.2,186611444.3,243635659.2
Bay Area,4.508333333,4.754545455,5.125,5.891666667,5.475,5.308333333,6.633333333,7.091666667,7,7.308333333,9.741666667,9.791666667,6.875,4.925,3.733333333,3,0.116450015,0.269679945,0.42666785,0.281096338,0.256284643,0.167648622,0.544949261,0.38720052,0.56246212,0.843648282,0.857542295,0.993120274,0.797866473,0.388762606,0.36762959,0.163299316,1842.333333,1951.909091,2181.416667,2553.833333,2616.5,2775.5,3753.416667,4224.5,3818.666667,3254.833333,4245.416667,4032.333333,3189.833333,2722.333333,2326.166667,1991,38.35322277,93.90682035,183.0784523,121.2561776,79.70684926,121.4918628,384.4193871,243.3020943,471.2724233,244.9273857,359.8778728,320.7682067,215.9990881,116.0629401,180.7282407,112.3090973,113233.3333,120483.3333,130941.6667,132091.6667,132733.3333,138283.3333,144766.6667,153200,155525,151291.6667,155000,153741.6667,157166.6667,165908.3333,177433.3333,190300,6034.496791,6365.222746,5973.343564,6068.167064,4472.000434,6946.658233,7084.212067,4966.066671,10929.204,7925.271241,6059.702963,6146.315723,7016.387744,9645.861886,8614.821618,10018.81563,6.5,6.5,6.5,6.5,6.5,6.5,6.5,6.5,6.5,6.5,6.5,6.5,6.5,6.5,6.5,4,3.605551275,3.605551275,3.605551275,3.605551275,3.605551275,3.605551275,3.605551275,3.605551275,3.605551275,3.605551275,3.605551275,3.605551275,3.605551275,3.605551275,3.605551275,2.160246899,407,421.6666667,424.3333333,450.4166667,502.8333333,533.3333333,592.4166667,584.5833333,490.6666667,448.8333333,409.5,429.3333333,504.4166667,596.5833333,655.6666667,652.8571429,88.29290098,85.93161481,78.21105866,80.89888002,110.2079302,121.3936746,112.0490626,108.6256778,147.1087003,80.92514311,96.28792051,71.93473473,103.599279,129.9919287,134.4222204,154.5977884,53235744.67,58839560.67,63058744,69008488.5,78472823.67,90506465,104472052.9,109690709.8,94306210.67,80408713.67,76750689,79495640.33,94675843.33,121398869.8,139800567.8,147993635.7,13018013.6,13484284.16,13393633.32,15107969.11,18940616.28,23707470.16,23308846.45,23465487.57,34888489.93,18614430.1,18645206.26,14797429.63,20661660.43,32459839.44,32770169.25,40353698.27
Beaumont,6.508333333,6.791666667,6.45,6.958333333,6.775,6.966666667,5.241666667,5.683333333,7.25,8.433333333,10.90833333,11.73333333,10.78333333,8.783333333,7.641666667,6.842857143,0.370401093,0.320392751,0.206705764,0.35791907,0.359608373,0.915853634,0.81291656,0.513160144,0.481475006,0.711379369,0.698645876,0.690629928,0.85369074,0.495127777,0.362963392,0.287849167,946.1666667,1010.583333,1010.083333,1129.833333,1200.5,1228.083333,960.1666667,1163.916667,1375.25,1432,1731.083333,1747.916667,1691.333333,1639.583333,1586.666667,1551.571429,55.78829029,53.27025152,13.04160011,46.90964881,79.30321557,181.81432,179.22045,141.2943146,88.06931671,95.84457115,101.9076751,74.67439422,54.55661502,54.91887957,57.37331235,22.56735949,85383.33333,87433.33333,89783.33333,95675,100033.3333,105500,116250,124875,129625,132008.3333,133116.6667,125641.6667,126533.3333,132400,132250,134128.5714,5234.992981,4637.854781,6824.932012,9268.924131,6040.068232,8651.957214,8656.63172,7432.866204,6606.487858,6896.963539,13353.57176,9603.16788,7973.28874,7784.83374,9835.418372,7922.060819,6.5,6.5,6.5,6.5,6.5,6.5,6.5,6.5,6.5,6.5,6.5,6.5,6.5,6.5,6.5,4,3.605551275,3.605551275,3.605551275,3.605551275,3.605551275,3.605551275,3.605551275,3.605551275,3.605551275,3.605551275,3.605551275,3.605551275,3.605551275,3.605551275,3.605551275,2.160246899,148.4166667,149.8333333,160.5833333,171.9166667,176.5833333,171.5833333,195.4166667,207.5833333,175.5833333,165.75,156.1666667,144,171.9166667,201.1666667,213.6666667,255.4285714,23.98279055,32.81583136,33.97982913,28.67199563,32.57566949,43.92236608,22.56488959,39.98512981,43.37669742,25.29148258,36.92457505,22.65552311,28.38840459,37.73070448,36.48993219,57.26213741,15417083.33,16046250,17467083.33,20122916.67,21505833.33,21367916.67,26277500,30421250,25932083.33,24482558.42,22653775.33,21095134.08,24467600,30309116,32132014.83,39655044.43,2651470.825,4079513.187,4045223.029,4643407.574,4408232.398,5435111.213,3690090.846,6778944.382,6775289.145,4511138.261,4954230.63,4300602.324,4921812.7,6437051.587,7049511.503,10459021.04
Brazoria County,5.066666667,5.333333333,5.55,NA,NA,7.14,6.6,5.95,6.763636364,8.441666667,9.458333333,9.8,7.383333333,4.925,4.036363636,2.583333333,0.377391365,0.393700394,0.202259959,NA,NA,0.230217289,NA,0.353553391,0.510436533,0.865981664,0.575970854,0.554321863,1.159806671,0.376889181,0.576667542,0.116904519,449.25,462.2222222,474.5,NA,643.5,682.4,718,704.5,682.0909091,672.5,738.1666667,750.25,615.1666667,481.5833333,390.8181818,283.3333333,29.08959514,28.20362467,18.2532687,NA,10.60660172,17.02351315,NA,43.13351365,32.24113691,22.24042184,51.74383289,44.81299527,54.16277375,33.14282682,46.82695416,9.584710046,83308.33333,88209.09091,92766.66667,NA,99925,108541.6667,113666.6667,122166.6667,125916.6667,126291.6667,121958.3333,122783.3333,125808.3333,134300,146450,154716.6667,6197.720744,6885.1223,7720.731634,NA,9239.551839,8389.111811,7069.69632,8278.37636,6232.587867,9085.198585,8442.04395,8958.067297,10111.51084,10357.34259,14631.75252,10427.54365,6.5,6.5,6.5,6.5,6.5,6.5,6.5,6.5,6.5,6.5,6.5,6.5,6.5,6.5,6.5,4,3.605551275,3.605551275,3.605551275,3.605551275,3.605551275,3.605551275,3.605551275,3.605551275,3.605551275,3.605551275,3.605551275,3.605551275,3.605551275,3.605551275,3.605551275,2.160246899,88.33333333,86.72727273,86.16666667,NA,92.91666667,106.8333333,118.75,113.9166667,93.08333333,74.83333333,76.83333333,75.5,93.58333333,97.91666667,106.5,107.6666667,20.79044069,18.69273072,19.35709094,NA,22.34627621,23.58671943,18.17153118,22.38692124,28.73850231,19.42740957,19.79363228,14.82320049,20.20107258,23.43446698,25.3932704,26.8824602,9187916.667,9147727.273,9637500,NA,10946250,13287083.33,15781666.67,15965416.67,13197500,10176619.75,10370284.17,10560822.33,13152837.08,15031817.75,17518273.75,18563243.5,2745490.897,2342909.904,2272061.039,NA,2809588.392,3245700.974,2882902.841,3184533.26,4640708.459,2896036.633,2811196.745,2446174.042,3309741.888,4608496.957,4910859.104,5857623.44
Brownsville,9.016666667,8.791666667,9.65,9.1,NA,NA,NA,NA,NA,NA,11.8,13.2,13.675,12.95,11.80833333,10.63333333,0.875768061,1.138945552,0.353553391,0.282842712,NA,NA,NA,NA,NA,NA,NA,0.628128533,0.418058282,0.446196043,0.938527215,0.121106014,397.0833333,383.3333333,425,510,NA,NA,NA,NA,NA,NA,740,775.0833333,792.1666667,824.6666667,778.4166667,728.6666667,34.11866547,49.63747363,18.38477631,18.38477631,NA,NA,NA,NA,NA,NA,NA,24.1640542,27.18232492,18.88882947,39.90775348,11.32548748,73581.81818,78991.66667,84333.33333,86758.33333,90266.66667,104558.3333,106033.3333,113858.3333,93725,91550,97108.33333,94391.66667,98208.33333,101333.3333,109275,107250,9466.025373,7937.420961,7063.006485,6821.417919,10180.22444,15832.67383,11854.52222,21671.36604,8752.571051,10138.80933,12025.53785,11417.72612,12093.23314,10126.41311,10611.92511,13862.71979,6.5,6.5,6.5,6.5,6.5,6.5,6.5,6.5,6.5,6.5,6.5,6.5,6.5,6.5,6.5,4,3.605551275,3.605551275,3.605551275,3.605551275,3.605551275,3.605551275,3.605551275,3.605551275,3.605551275,3.605551275,3.605551275,3.605551275,3.605551275,3.605551275,3.605551275,2.160246899,44.18181818,42.58333333,55.41666667,55.91666667,65.33333333,76.5,98.08333333,90.33333333,75.66666667,61.83333333,62.83333333,58.41666667,59.58333333,64.5,69,67.16666667,12.07326121,9.848473193,10.50937532,12.97871217,13.93708808,11.54831747,18.61308598,17.75250729,14.46835628,17.34061619,14.99595905,12.98571476,17.28613913,12.7600228,12.46814122,16.43674745,3972727.273,4234766.667,5550416.667,6030416.667,7503750,10289583.33,13346666.67,13646666.67,9605000,6798102.25,7443807.75,6771317.5,7229891.667,8247161.667,9048607.583,8936582.333,1344229.08,1054392.422,1190180.388,1429008.649,2038893.556,2477517.506,3226538.628,4664716.855,2242772.229,1803611.19,2050109.664,2030096.365,2550320.087,1978823.36,2553710.447,2610710.429
Bryan-College Station,4.875,6.05,5.958333333,7.033333333,6.858333333,6.358333333,6.208333333,5.741666667,5.733333333,6.475,8.666666667,9.8,8.941666667,6.5,4.383333333,3.514285714,0.34145411,0.576036615,0.34234043,0.655512753,0.529937103,0.523030215,0.569622416,0.420947704,0.644322524,0.441330633,0.818350151,1.122497216,1.298571476,1.440328245,0.567023061,0.157359158,559.9166667,709.75,767.9166667,992.3333333,1157,1165.25,1235.916667,1228.416667,1201.916667,1212.166667,1562.416667,1606.166667,1609.5,1406.083333,1106.5,940.2857143,35.64077933,61.57054343,36.4503606,100.6906453,59.89688108,80.67119008,69.54979685,91.3598861,130.8666624,54.87313191,165.1574777,156.0896207,152.9845506,228.3551693,127.4444621,30.41224691,102816.6667,117050,117183.3333,123591.6667,123241.6667,130208.3333,134925,137991.6667,142691.6667,149575,153533.3333,151416.6667,153566.6667,159391.6667,169533.3333,182957.1429,11733.6992,4872.277795,6023.413912,2562.476903,5069.419607,6238.656372,4450.153215,4859.378623,6986.149718,4837.753987,5474.12647,3709.406552,7095.752037,5429.123206,7776.460206,6579.73078,6.5,6.5,6.5,6.5,6.5,6.5,6.5,6.5,6.5,6.5,6.5,6.5,6.5,6.5,6.5,4,3.605551275,3.605551275,3.605551275,3.605551275,3.605551275,3.605551275,3.605551275,3.605551275,3.605551275,3.605551275,3.605551275,3.605551275,3.605551275,3.605551275,3.605551275,2.160246899,113,121.5,133.4166667,156.3333333,176.4166667,185.0833333,215,209.5,205.9166667,182,167.5833333,167.4166667,196.75,237.8333333,260.25,312.1428571,46.25816881,56.14186576,57.51752039,62.49412094,67.41925586,74.55011534,82.11189705,83.30284291,95.73396693,77.77473299,70.75368071,62.19245545,74.28217087,95.84725854,86.6918524,97.07459086,13402083.33,15880833.33,17396666.67,21269166.67,24578750,26785833.33,32852083.33,33711666.67,34346250,30621326.08,28731200.08,28930941.08,35358972.67,45124173.75,52812901,66643325.29,5472223.853,7467328.789,7202206.838,8617393.044,10162195.34,10992857.77,12861574.1,13757936.28,16567513.96,12876320.87,10817894.15,10313079.17,13490418.4,19540847.29,17970698.8,20254386.29
Collin County,4.075,4.5,5.558333333,6.391666667,5.741666667,5.1,4.85,5.841666667,5.775,5.258333333,5.416666667,4.975,3.233333333,1.941666667,1.658333333,1.571428571,0.160255478,0.204494943,0.645907865,0.543487615,0.416606056,0.64498062,0.317661913,0.501739399,0.43719145,0.640253264,0.509604719,0.774743359,0.531436019,0.235326981,0.192865159,0.269037084,3156.166667,3978.833333,5035.166667,5956.833333,5952.5,5913.272727,6371.166667,7400.333333,6450.25,5014.916667,5154.166667,4423.666667,3270.333333,2422.666667,2210,2109.857143,140.1588925,268.3104827,520.6907708,355.0515541,367.9640546,506.1584912,483.4944455,648.4653679,685.9590665,611.8228291,508.8283928,582.544783,420.2731435,243.7410449,235.5508052,373.0350424,163691.6667,171500,176358.3333,175633.3333,178083.3333,183083.3333,192041.6667,199841.6667,202516.6667,198933.3333,207466.6667,207708.3333,215300,239191.6667,261633.3333,289400,5811.033132,3341.202832,2978.85223,3724.448302,4831.30574,6485.765299,6365.169188,8046.620785,6599.701554,7657.834174,11680.31237,7494.781012,7430.037318,9683.487194,10656.6525,11980.53978,6.5,6.5,6.5,6.5,6.5,6.5,6.5,6.5,6.5,6.5,6.5,6.5,6.5,6.5,6.5,4,3.605551275,3.605551275,3.605551275,3.605551275,3.605551275,3.605551275,3.605551275,3.605551275,3.605551275,3.605551275,3.605551275,3.605551275,3.605551275,3.605551275,3.605551275,2.160246899,833.3333333,909.9166667,901.1666667,984.0833333,1080,1267.333333,1316.25,1198.25,1029.166667,966.75,891.9166667,930.3333333,1113.666667,1346.416667,1340.333333,1369.285714,172.7264434,199.2150315,126.9042827,199.515075,226.4271908,282.7531314,295.039019,273.9877652,251.0493734,211.4409976,236.0641124,212.8833797,244.9888062,348.6536334,322.9934796,410.261589,166247951.4,186754686.6,192677555.6,211277102.3,237394117.1,289919536,314771403.3,297289997.8,257833737.2,230528124.2,219725120.3,231818724.4,284933515.3,376860863.8,407527502.5,455259396,33863506.34,44144948.51,31381149.77,45002833.57,53722456.71,69613243.57,73909734.21,75719218.19,68277870.12,53663560.58,56373618.98,56863163.92,68185385.8,106430102.1,107518553,146873925.7
Corpus Christi,8.958333333,7.608333333,4.936363636,4.954545455,4.625,4.966666667,6.158333333,7.416666667,8.983333333,10.23333333,10.31818182,9.545454545,7.05,5.308333333,4.483333333,4.95,0.8691253,1.326278685,0.265603943,0.143969694,0.213733054,0.671948771,0.5567084,0.823333947,0.549103953,0.699783516,0.56181524,0.868750409,0.442102415,0.320392751,0.478317759,0.250998008,2489.916667,2228.916667,1483.727273,1653.636364,1740.583333,1987.416667,2622.75,3009.416667,3071,2947.75,2988.181818,2684.090909,2210.583333,1933.833333,1732.25,1947.166667,189.5878105,397.4005212,66.52832616,74.78137833,48.86243832,261.2704827,271.0837257,258.8844805,95.29380405,92.84309834,182.4482492,218.7982882,83.89220175,76.63826879,193.7947016,112.0382375,85572.72727,89008.33333,93358.33333,101666.6667,112633.3333,124758.3333,130100,136266.6667,138509.0909,134416.6667,135741.6667,136083.3333,141825,150858.3333,168075,176866.6667,5188.46623,3059.25075,3591.266764,5213.153527,7487.484507,7138.558338,3694.221532,6814.200858,6609.607333,6757.19594,7410.613805,5751.495194,7297.08846,8873.500727,6033.561439,9672.572908,6.5,6.5,6.5,6.5,6.5,6.5,6.5,6.5,6.5,6.5,6.5,6.5,6.5,6.5,6.5,4,3.605551275,3.605551275,3.605551275,3.605551275,3.605551275,3.605551275,3.605551275,3.605551275,3.605551275,3.605551275,3.605551275,3.605551275,3.605551275,3.605551275,3.605551275,2.160246899,286.75,293.0833333,314.1666667,349.8333333,395.4166667,407.8333333,432.6666667,375.8333333,314.4166667,287,287.0833333,283,338.1666667,382.4166667,393.4166667,384.5,61.43159537,56.6976965,45.77977587,57.60655476,66.91304851,79.58624063,77.65346487,67.37794802,61.10863402,47.83114238,60.85968711,59.517759,63.10717195,70.87820326,73.34905135,92.61695309,29561284.25,31530833.33,34814166.67,42232916.67,52215000,60082500,66320000,60899079.58,51225829,44630127.25,43733234.75,44581669,57451142.92,69085443.92,77539440.17,77525185.67,7070930.556,6310530.821,5530811.149,8401669.33,10379478.44,13528408.91,13021789.78,12815317.49,11634473.85,8354776.874,10670329.8,10401677.81,13592944.85,14806698.26,15600092.54,20794367.67
Dallas,3.791666667,4.566666667,5.458333333,6.458333333,6.266666667,5.772727273,5.575,6.025,6.241666667,6.258333333,6.608333333,6.358333333,4.225,2.716666667,2.291666667,2,0.131137217,0.365148372,0.510718448,0.367938565,0.384550111,0.38753299,0.280016233,0.404800737,0.281096338,0.490747729,0.501739399,0.811797482,0.601702131,0.244329633,0.242930343,0.238047614,14223.75,17594.91667,21451.33333,25723.08333,27196.5,27448.54545,29145.25,31495.91667,28530.66667,24213.91667,25001.83333,21891.08333,16295.25,12593,11370,10017.42857,628.0761571,1467.25089,1879.471557,1242.679909,1527.269548,1379.928938,1716.357037,2106.364833,1944.925721,2136.517492,1954.427739,2411.023414,1684.874807,871.8302587,1089.528088,1284.127961,133758.3333,140991.6667,144758.3333,147941.6667,149091.6667,153983.3333,156441.6667,158891.6667,154666.6667,153816.6667,157908.3333,157758.3333,169450,188566.6667,204941.6667,227271.4286,4831.235177,4269.438612,2140.712852,4048.896221,4948.362141,5606.949152,5132.863516,6100.589887,7344.30309,8356.688484,7694.44408,5638.416659,8362.959459,12388.50885,10701.27081,14420.66969,6.5,6.5,6.5,6.5,6.5,6.5,6.5,6.5,6.5,6.5,6.5,6.5,6.5,6.5,6.5,4,3.605551275,3.605551275,3.605551275,3.605551275,3.605551275,3.605551275,3.605551275,3.605551275,3.605551275,3.605551275,3.605551275,3.605551275,3.605551275,3.605551275,3.605551275,2.160246899,3787.166667,3916,3933.25,4106.5,4542.833333,4998.333333,5352.166667,4974.583333,4237.333333,3824.25,3531.916667,3554.666667,4200.916667,4976.166667,5012.833333,5247.857143,708.547661,756.6250422,556.1144625,763.7578745,807.360214,981.9476318,1031.757709,1019.593721,843.6083035,697.0386875,876.6219729,716.9563615,820.8187108,1088.310436,1009.576314,1435.590521,656458536.6,696068895.3,719971263,773935862.3,881866790.8,1011143617,1110119303,1077917198,894538828.6,763918417.5,750951629.5,755937543.5,936712972,1227032727,1322854939,1504778937,129356825.5,153674937.1,118635266.8,156514778.1,181159893.2,219891373.3,249386020.6,259221467.9,211664317.4,168314575.9,200212358.8,174503398.9,214865865.7,332122474.1,302914163.9,469300779.9
Denton County,4.391666667,5.033333333,5.566666667,6.516666667,6.466666667,5.445454545,4.75,5.258333333,5.516666667,5.716666667,5.991666667,6,3.833333333,2.216666667,1.933333333,1.671428571,0.188092498,0.331205329,0.396194014,0.329830076,0.564613035,0.492673597,0.19306146,0.380091695,0.356328075,0.537389876,0.49443877,0.879049073,0.76673254,0.220879784,0.249848439,0.314718317,2160.333333,2617.5,3041.583333,3570.75,3879.416667,3711.454545,3506.916667,3762.083333,3426.5,3026.083333,3212,2892.5,2166.666667,1610.5,1522.333333,1368.285714,74.37048942,170.0574769,201.8737041,176.8004139,242.1612755,233.7697002,176.0637583,292.2951368,277.6909662,268.7511381,274.2473999,338.9680865,306.5367643,141.1527219,190.9427964,268.5204612,143958.3333,150341.6667,152066.6667,153191.6667,155208.3333,157950,161616.6667,165333.3333,159583.3333,158908.3333,162966.6667,159275,170266.6667,184183.3333,203525,228142.8571,6880.86389,4844.764434,2685.426438,5020.586408,4436.513441,4844.02162,5225.259164,6426.130369,5351.267196,5685.940929,6279.162268,4113.862375,8222.290472,9033.053781,9625.734919,10591.32619,6.5,6.5,6.5,6.5,6.5,6.5,6.5,6.5,6.5,6.5,6.5,6.5,6.5,6.5,6.5,4,3.605551275,3.605551275,3.605551275,3.605551275,3.605551275,3.605551275,3.605551275,3.605551275,3.605551275,3.605551275,3.605551275,3.605551275,3.605551275,3.605551275,3.605551275,2.160246899,512.4166667,538.3333333,544.4166667,561.9166667,645.8333333,715.4166667,743.9166667,677.3333333,573.5833333,534.3333333,496.0833333,503.4166667,640.5833333,785,810.5,858.2857143,117.7898424,112.3625086,82.6179139,119.0183014,132.2654585,148.6964317,159.0039784,169.3282629,140.6035421,127.7087121,153.556894,120.498554,151.3685799,183.2519379,196.9321526,261.8248233,85908969.67,94048454.33,96400412.5,101082430.5,119586179.7,136311263,145975549.3,140732884.8,112488161.2,102522287.4,98015124.58,99753288.42,134317536.4,174323716,195884270.4,226743778.6,22187569.2,22247020.03,16505929.87,23514790.71,27843199.82,30705100.65,35043292.99,40094385.54,29986836.65,27296216.72,29953090.54,25705556.85,36049246.78,48108166.29,52324024.41,74320409.78
El Paso,6.245454545,7.658333333,7.183333333,6.575,6.06,NA,4.342857143,6.075,11.36666667,9.483333333,7.009090909,7.225,7.383333333,7.608333333,8.091666667,7.6,0.654772688,0.768065259,0.351188458,0.404800737,0.167332005,NA,0.359894164,1.860168614,1.473606172,1.316906384,0.270016834,0.497493719,0.318614425,0.253908836,0.296826651,0.173205081,2662.363636,3275.166667,3145.333333,3152.75,3213.8,NA,2376.857143,3462.083333,4827,3898.083333,3291.272727,3115.5,3212.75,3679.833333,4046.666667,4025.428571,259.373581,339.7755498,124.4188917,129.0779363,119.6461449,NA,323.4503716,935.8462829,316.8917223,417.5871076,95.42441083,119.0213885,126.802011,174.6543773,127.5099521,97.75284675,80641.66667,86825,88833.33333,92416.66667,93916.66667,109883.3333,126666.6667,131858.3333,134058.3333,131116.6667,133216.6667,133933.3333,138200,141041.6667,140525,141614.2857,2428.040112,4807.593426,3547.683837,4355.317196,4379.255506,7071.689181,6051.496184,4898.693394,4407.732531,2994.186286,3963.20195,3435.99485,5806.266208,3884.107089,4860.251583,5726.380058,6.5,6.5,6.5,6.5,6.5,6.5,6.5,6.5,6.5,6.5,6.5,6.5,6.5,6.5,6.5,4,3.605551275,3.605551275,3.605551275,3.605551275,3.605551275,3.605551275,3.605551275,3.605551275,3.605551275,3.605551275,3.605551275,3.605551275,3.605551275,3.605551275,3.605551275,2.160246899,425.75,421.4166667,452.8333333,519.9166667,497,446,580.4166667,518.3333333,398,447.5,462,417,465.4166667,483.8333333,515.4166667,570.5714286,68.74475187,54.0647059,64.11613516,85.60634889,90.40213191,98.4525728,101.6549049,100.840408,69.18223629,78.97928382,119.0324631,64.59805795,72.0005787,77.50053763,78.65050232,126.083117,41815833.33,44353750,48882916.67,58349583.33,57839166.67,56778750,87815416.67,81024166.67,63866250,68288117.58,70295522.33,66517656.5,72845021.67,76928278.17,80827257,91568609.43,6525022.408,6952707.166,6856745.006,10646428.65,12746328.68,14081496.42,17524752.42,16090877.69,12135666.09,11277181.8,17837448.64,9830464.06,12923535.93,14369631.04,14453011.47,22358936.66
Fort Bend,4.3,4.554545455,4.291666667,5.325,5.516666667,5.05,4.325,4.775,5.35,4.7,5.7,5.941666667,4.125,2.341666667,2.191666667,2.657142857,0.319089614,0.375136339,0.246644143,0.453521574,0.351188458,0.524837637,0.191287504,0.338781238,0.3,0.170560573,0.660578259,0.630235646,0.753325959,0.271220586,0.223437334,0.315473944,2554.166667,2834,2852.916667,3561.25,4053.166667,4057.666667,3838.583333,4430.916667,4500.666667,3514.75,4283.5,4272.666667,3410.666667,2389.083333,2342.333333,2818.285714,219.5200688,202.016336,178.0390449,296.2158688,287.1017664,344.0489747,223.1006533,330.1017635,327.4455773,135.3803564,457.7548967,335.3349298,435.376187,168.7243359,203.6424377,345.7488078,133308.3333,142916.6667,150975,153975,153816.6667,161725,170016.6667,175950,181900,187625,197866.6667,197558.3333,204400,231441.6667,260108.3333,272400,5943.133293,5308.283978,4117.175775,4925.098061,5528.740335,6477.110046,5501.707724,8548.099204,7037.303202,13358.90068,8584.905711,9651.703414,10176.53272,17937.43968,14821.32728,10890.36271,6.5,6.5,6.5,6.5,6.5,6.5,6.5,6.5,6.5,6.5,6.5,6.5,6.5,6.5,6.5,4,3.605551275,3.605551275,3.605551275,3.605551275,3.605551275,3.605551275,3.605551275,3.605551275,3.605551275,3.605551275,3.605551275,3.605551275,3.605551275,3.605551275,3.605551275,2.160246899,604.5,646.0833333,668.5,692.5833333,769.5,852.1666667,917.9166667,902.0833333,784.9166667,759.4166667,708.5833333,758.3333333,920.8333333,1089,1069.583333,1051.428571,131.9032014,143.8069782,114.3650455,142.3404742,143.8145902,195.6257249,181.2704952,188.8286661,191.7633287,153.044532,165.6197498,157.4203021,214.5760443,272.3159929,215.380618,266.1489916,97620564.58,109737920.3,120230329.1,126242906.3,142577139.1,165216037,189504885,193407570.8,172371702,169809424.8,163731818,175461260.8,220014664.3,293449916.3,318579342.4,323348227.9,23995369.01,26631414.21,24408254.8,30185903.44,30222258.18,42303834.12,42710005.08,47738367.03,48502546.79,43618801.78,40674195.35,42495539.15,58586765.16,87282728.58,76660403.77,91906020.12
Fort Worth,4.408333333,4.8,5.15,6.166666667,6.325,6.418181818,6.25,6.208333333,5.941666667,6.408333333,6.833333333,6.558333333,4.883333333,3.566666667,2.708333333,2.128571429,0.227469612,0.266287609,0.274689908,0.628610782,0.200567377,0.31246818,0.243086217,0.274551977,0.188092498,0.231431644,0.382178762,0.658453192,0.401889477,0.283912065,0.257464325,0.138013112,2321.666667,2651.416667,3017.583333,3853.916667,4409,5156.818182,5915.416667,6194.833333,5275.25,4655.25,4950.916667,4351.833333,3504.25,2991.666667,2553.5,2119.571429,137.0761788,171.2862879,207.2593712,447.4805142,196.3767252,175.8037646,375.4600713,312.666489,358.8264014,163.5671255,305.2231548,400.1794673,195.9457833,153.2711995,205.298231,174.3194932,83733.33333,90841.66667,94858.33333,98583.33333,101341.6667,112591.6667,117375,118291.6667,116358.3333,112908.3333,114033.3333,110066.6667,118550,131350,141941.6667,154671.4286,4231.770172,6368.738755,3202.969739,4150.538483,5013.882243,6331.229714,2273.613464,4148.484572,4181.00865,4332.427061,5360.009046,5362.043934,4949.104602,6777.435825,8469.459394,6497.875111,6.5,6.5,6.5,6.5,6.5,6.5,6.5,6.5,6.5,6.5,6.5,6.5,6.5,6.5,6.5,4,3.605551275,3.605551275,3.605551275,3.605551275,3.605551275,3.605551275,3.605551275,3.605551275,3.605551275,3.605551275,3.605551275,3.605551275,3.605551275,3.605551275,3.605551275,2.160246899,531.6666667,565.0833333,611.4166667,646.4166667,742.25,870.0833333,998.0833333,961,813.4166667,713.1666667,686.5,677,756.8333333,907.3333333,977.3333333,1042.857143,91.21635951,89.40150328,83.02076228,100.522687,113.0809244,165.3725592,166.0960611,155.9813509,163.6517691,126.6439772,150.3719631,130.4885923,134.9625088,151.3967295,184.0461075,262.6692652,56040191.17,62326866.67,71008938.92,76901780.42,91691828.67,116423272.7,137188601.3,137089952.7,116370936.3,98950582.17,98635710.17,95727708.83,114212540,149042602.8,173058640,197785038.7,11093528.55,12101280.36,11628380.58,13645260.61,17359978.2,25013846.64,25392895.35,26554196.21,29138867.18,20274967.32,23349601.35,22195941.07,24961689,30398858.03,40357688.44,55155559.75
Galveston,7.075,6.533333333,NA,9.288888889,8.24,7.014285714,11.85833333,17.425,17.15714286,17.79166667,18.75833333,14.425,11.84166667,9.85,7.8,6.616666667,0.739932429,0.321455025,NA,0.903388682,0.934760813,0.705758626,2.726455686,2.080264406,1.492042384,3.104676336,2.542889671,0.96023198,1.474300039,0.630295746,1.193162338,0.44907312,505.4166667,467.6666667,NA,669.1111111,702.3,706.2857143,1206,1663.25,1584.714286,1124.083333,1242.833333,1077,930.1666667,828.75,725.5,626.5,48.57881756,21.73323108,NA,48.09741273,54.19112268,61.96696509,240.7763957,179.7321871,114.4169485,110.7933854,140.4200409,68.3400588,91.41696017,42.29576596,84.71503033,26.44049924,101266.6667,124133.3333,NA,121320,136316.6667,159408.3333,172208.3333,175758.3333,171983.3333,124683.3333,164025,167891.6667,163833.3333,186866.6667,199500,200857.1429,8313.880325,9696.562965,NA,13263.21563,12073.54985,18900.57519,8284.976363,11529.76057,33373.12019,27577.38973,17252.77975,16728.11777,18973.05905,19109.12839,19992.58954,9416.095642,6.5,6.5,6.5,6.5,6.5,6.5,6.5,6.5,6.5,6.5,6.5,6.5,6.5,6.5,6.5,4,3.605551275,3.605551275,3.605551275,3.605551275,3.605551275,3.605551275,3.605551275,3.605551275,3.605551275,3.605551275,3.605551275,3.605551275,3.605551275,3.605551275,3.605551275,2.160246899,72,62.08333333,74.91666667,75.45454545,94.16666667,107.8333333,96.25,96.41666667,74.83333333,62.91666667,72.5,75.75,81.41666667,85.25,99.41666667,95,19.28258753,10.0041658,24.07736898,21.06828724,21.87914463,38.6895178,29.82410556,25.26750818,39.5171616,16.12709935,19.31320792,17.25806794,23.03143438,24.55466999,28.17948426,33.55095627,9372916.667,8791223.333,10808200.17,11648216,16355000,21690000,21224166.67,21556666.67,17645416.67,10683450,15706411.75,16140480.83,17109965.5,20544623.08,25096425.25,23833009.86,2685305.517,1831721.908,4259144.629,3572006.054,4313612.175,8231498.262,7423391.112,5419911.662,10702682.85,4105943.128,4992877.54,3642560.653,5314208.349,6588766.047,8076895.528,7791419.781
Garland,1.933333333,2.758333333,3.825,5.4,5.5,5.436363636,6.008333333,6.133333333,5.608333333,4.908333333,5.641666667,5.616666667,3.316666667,1.991666667,1.641666667,1.071428571,0.161432977,0.475697255,0.615149649,0.25584086,0.376587549,0.261811869,0.375277675,0.377391365,0.284312035,0.367938565,0.62879153,0.855817879,0.458918359,0.150504203,0.223437334,0.27516229,464.0833333,638.4166667,888.25,1208,1264.583333,1235.181818,1360.166667,1360.333333,1052.083333,775.5,888.3333333,752.8333333,485,323.5,271.5,188.8571429,31.50312635,110.6998056,130.6202859,54.20332093,93.01853025,54.55422657,80.66860754,109.2572721,93.93078528,71.6931593,84.91314636,111.5093419,50.84021315,20.14718568,30.87953132,44.96082951,92175,103083.3333,108825,110616.6667,109983.3333,110608.3333,110483.3333,107225,101258.3333,102558.3333,95750,92041.66667,98675,115883.3333,129341.6667,143514.2857,3553.775201,4035.937051,3183.80133,2453.507076,1766.781014,3868.863665,2758.073548,4747.080442,2992.553891,5344.233653,7556.514348,6928.394584,8155.101582,7627.44248,8329.624932,7223.671405,6.5,6.5,6.5,6.5,6.5,6.5,6.5,6.5,6.5,6.5,6.5,6.5,6.5,6.5,6.5,4,3.605551275,3.605551275,3.605551275,3.605551275,3.605551275,3.605551275,3.605551275,3.605551275,3.605551275,3.605551275,3.605551275,3.605551275,3.605551275,3.605551275,3.605551275,2.160246899,236.3333333,233.5833333,228,225.0833333,230.3333333,224.5,231.25,205.8333333,168.6666667,159.4166667,143.0833333,137.1666667,154.3333333,164.5,174.6666667,170.2857143,48.15568188,40.34500833,32.47096605,41.52208248,41.41438778,43.70458682,41.82023216,46.67456643,24.07312093,23.3762052,41.25851611,28.53971183,28.71595481,27.24468255,34.14496724,40.72965458,23991242.58,26190948,27119656,26980342.92,27364183.33,27211023.08,28666942.67,25158313.92,19598443.33,18457779.92,16415211.08,14793025.67,17542052.25,21665846.92,25749167,27064247.14,5469434.287,5052965.245,4376332.511,5158026.621,4996442.928,5819547.932,5814984.103,6484451.952,3558969.46,3317699.26,5649488.8,3114628.533,3709619.516,4861778.394,6262020.695,7020591.329
Harlingen,29.45454545,34.66666667,35.875,NA,8.057142857,9.366666667,10.35,14.9,18.54285714,26.96666667,26.44,23.23636364,22.525,23.57272727,21.5,19.25714286,3.876948191,2.528339376,1.554295124,NA,0.568205194,0.472581563,0.070710678,6.929646456,7.336633457,2.814034093,0.836925591,5.838882209,1.33561358,0.882146143,1.399350499,0.423702501,730.5454545,829.5555556,1102.5,548.4285714,523.4285714,631.6666667,844.6666667,1298,1738.571429,2041.083333,2002.6,1620.818182,1635.5,1606.272727,1605.083333,1651.857143,80.26501559,67.61122523,84.36626498,21.93062655,38.45714993,36.47373484,1.527525232,709.9352083,682.9028377,97.53923065,70.10500061,416.3072947,53.69696115,48.25783026,57.31485343,55.10725473,82466.66667,74233.33333,72360,82771.42857,85150,77840,91500,88633.33333,86833.33333,85775,83725,89516.66667,92466.66667,90466.66667,102408.3333,106185.7143,10067.25866,13757.36167,8082.264534,5911.490022,9091.404532,7404.593169,8698.7068,10758.02731,11224.59421,5521.219398,11477.33933,17208.92122,11381.27117,8922.42663,7652.26744,12112.86211,6.5,6.5,6.5,6.5,6.5,6.5,6.5,6.5,6.5,6.5,6.5,6.5,6.5,6.5,6.5,4,3.605551275,3.605551275,3.605551275,3.605551275,3.605551275,3.605551275,3.605551275,3.605551275,3.605551275,3.605551275,3.605551275,3.605551275,3.605551275,3.605551275,3.605551275,2.160246899,25.66666667,24.66666667,37.8,62.85714286,65.41666667,69.4,81.33333333,94.91666667,90.33333333,73.5,72.66666667,68.41666667,73.08333333,67.16666667,83.08333333,93.14285714,9.227757862,7.599342077,10.13410085,7.057586259,14.8902551,12.73970172,12.32882801,17.61950538,20.4064755,11.77439441,9.69848473,15.47113637,17.98715872,12.26104944,12.33220716,19.38580728,2642500,2172777.778,3282000,6145000,6823750,6463000,9169444.444,10687916.67,9820416.667,7636735.417,7871568.083,8056107.667,8683333.583,7883734.25,10447423.5,11642245.29,929808.1425,777009.9384,1017973.477,784771.729,1693411.196,1520187.488,1655178.322,2230460.061,2482997.143,1515827.219,1180707.85,2182503.82,2306595.806,1451491.002,1905574.798,3505588.532
Houston,4.233333333,4.763636364,5.241666667,6.158333333,6.325,6.125,5.533333333,6.083333333,6.475,6.375,7.325,7.291666667,5.158333333,3.275,2.741666667,2.971428571,0.238683257,0.206265495,0.446111143,0.296826651,0.24908925,0.359608373,0.155699789,0.413044865,0.292714568,0.292714568,0.600189364,0.693421469,0.690794448,0.280016233,0.162135372,0.269037084,18468,21000.18182,24298.08333,29797.5,33839.41667,35573,35795,40623.75,38758.16667,31736.58333,36631.33333,34545.25,27017,20622.75,18685.83333,20590.28571,1104.407204,1025.296427,2262.789568,1683.560594,1815.137483,1674.570881,1669.283406,2590.200979,3147.812973,690.8943424,2918.734014,2662.534545,2469.954876,1054.337028,1012.495103,1953.117398,113283.3333,121008.3333,129291.6667,132525,133783.3333,141091.6667,147841.6667,151225,150600,150558.3333,152116.6667,152858.3333,162066.6667,178616.6667,195591.6667,208471.4286,4687.669189,5374.08907,4399.681462,4533.937683,4352.185101,4766.446806,5488.079368,4986.914696,7955.101279,9455.874397,4727.835048,6558.472429,9646.981001,12253.74402,10124.98784,12461.23513,6.5,6.5,6.5,6.5,6.5,6.5,6.5,6.5,6.5,6.5,6.5,6.5,6.5,6.5,6.5,4,3.605551275,3.605551275,3.605551275,3.605551275,3.605551275,3.605551275,3.605551275,3.605551275,3.605551275,3.605551275,3.605551275,3.605551275,3.605551275,3.605551275,3.605551275,2.160246899,4371.583333,4488,4713.583333,5061,5581.583333,6066.666667,6749.5,6472.333333,5430.75,5008.833333,4733.916667,4904.5,5720.25,6737.333333,6951,6872.714286,830.868599,887.3759068,726.6021117,901.859594,1000.28073,1193.520715,1246.756774,1148.742897,1151.140472,885.3080443,1053.37617,907.3013431,1133.726608,1370.522816,1262.649091,1638.329099,670097193.1,711751911.9,790533055.6,868147897.3,981365089.3,1125350217,1318008716,1315811387,1116393291,1002997085,985868801.1,1032774864,1269565353,1650777791,1845210962,1911458437,138177532.1,159088320.6,146964085.1,182990906,203965085.5,245255016.6,287171861,281982821.7,297930707.1,238128247.5,229855202.2,219883868.2,298877862.3,424671879.7,397929435.1,543040124.1
Irving,3.083333333,3.483333333,4.525,6.283333333,6.95,6.609090909,6.541666667,6.9,6.466666667,6.9,7.458333333,6.716666667,4.466666667,2.958333333,2.366666667,2.114285714,0.140345893,0.275790874,0.531079518,0.442787315,0.488969231,0.413411527,0.487028715,0.388470193,0.441759567,0.47482054,0.529937103,1.081945498,0.600504838,0.172986249,0.242462118,0.254483604,302.25,366.4166667,472.1666667,624.1666667,744.5833333,787.4545455,835.1666667,972.25,881.5,780.9166667,857.4166667,688.8333333,504.5,389.4166667,342,311,12.80003551,36.74595422,45.70226438,42.00613231,55.97151602,46.08549368,65.87154626,78.05839888,76.34193415,31.45981082,76.27159406,100.9327709,55.028092,25.68854833,32.01704092,39.39966159,98058.33333,107583.3333,111866.6667,118250,119908.3333,121083.3333,125741.6667,145008.3333,145616.6667,136966.6667,141591.6667,134733.3333,153266.6667,183250,195000,202900,3225.314173,5402.496617,3718.341109,4470.611103,3406.800241,4668.81985,6836.061909,17237.9844,12536.33507,10527.22301,18725.84302,14044.36693,20444.0404,22618.63672,31555.20415,26062.48901,6.5,6.5,6.5,6.5,6.5,6.5,6.5,6.5,6.5,6.5,6.5,6.5,6.5,6.5,6.5,4,3.605551275,3.605551275,3.605551275,3.605551275,3.605551275,3.605551275,3.605551275,3.605551275,3.605551275,3.605551275,3.605551275,3.605551275,3.605551275,3.605551275,3.605551275,2.160246899,98.66666667,109.5,99.83333333,101.5,113.3333333,123.6666667,131.1666667,141.4166667,130.3333333,111,107.25,105.3333333,121.25,142.5833333,146.4166667,151.4285714,18.14754345,17.49025703,19.5626422,19.0239084,18.3913682,22.41887733,21.11368937,27.16768914,30.63964554,21.61228607,30.28088206,19.33124336,21.32913074,35.15280497,29.92250091,40.39743038,12248256.5,15147439.75,13806871.25,15509282.42,17962209.92,20969091.83,23461303.25,26206727.92,24201480.92,19805206.17,20838591.75,19062688.08,23683670.75,31769446.08,35157709.5,38019202,2488469.762,2555083.084,2816855.185,3020532.999,3326720.99,4046327.972,3993205.666,5766386.571,6794383.355,4542627.984,7377654.595,4083381.633,4868495.62,10016356.6,9142386.002,10308731.23
Kerrville,NA,NA,NA,NA,NA,NA,NA,NA,NA,21.76666667,21.63333333,24.71666667,22.80833333,16.68333333,13.55,10.8,NA,NA,NA,NA,NA,NA,NA,NA,NA,1.147824028,2.197657155,1.468353025,1.781449019,2.163260726,0.833939174,0.382970843,NA,NA,NA,NA,NA,NA,NA,NA,581.5,673.1818182,749,840.5,844.3333333,759.6666667,704.5,643.1428571,NA,NA,NA,NA,NA,NA,NA,NA,87.53856293,48.00170452,69.01646707,54.3732889,37.24936444,51.82020198,30.36594983,12.52236095,NA,NA,NA,NA,NA,NA,NA,NA,173475,157483.3333,165016.6667,154166.6667,163183.3333,166041.6667,176341.6667,185300,NA,NA,NA,NA,NA,NA,NA,NA,24016.71293,15271.53224,16295.22146,19426.09928,14120.50948,19164.3826,16839.3726,18845.42385,6.5,6.5,6.5,6.5,6.5,6.5,6.5,6.5,6.5,6.5,6.5,6.5,6.5,6.5,6.5,4,3.605551275,3.605551275,3.605551275,3.605551275,3.605551275,3.605551275,3.605551275,3.605551275,3.605551275,3.605551275,3.605551275,3.605551275,3.605551275,3.605551275,3.605551275,2.160246899,NA,NA,NA,NA,NA,NA,NA,NA,29.25,34.83333333,34.5,31.91666667,41.33333333,50.83333333,54.5,66,NA,NA,NA,NA,NA,NA,NA,NA,7.135591543,8.973023544,6.186495557,5.806866364,9.480442388,12.43772365,12.36931688,9.763879011,NA,NA,NA,NA,NA,NA,NA,NA,6606250,6738975.083,6836471.667,5827846.583,8471836,10632886.92,11292456.92,14833544.57,NA,NA,NA,NA,NA,NA,NA,NA,2902833.027,2160896.93,1742768.528,1545862.833,2271114.09,3613002.364,2585977.046,2081174.271
Killeen-Fort Hood,9.033333333,6.24,7.125,5.233333333,4.3,4.011111111,NA,6.3875,6.572727273,8.075,7.333333333,7.508333333,7.2,7.758333333,6.491666667,5.85,0.333938844,0.411501316,0.749696908,2.041983587,0.6164414,0.551009175,NA,0.893528319,1.042200469,1.163165743,0.731540508,1.054391969,0.42661458,1.372097487,0.277843427,0.216794834,1430.083333,1054.9,1253.25,950.8333333,842.8333333,1123.777778,NA,1846.75,1681.909091,1650.583333,1662.666667,1438.416667,1398.272727,1579.25,1418.833333,1369.666667,68.0153169,49.37712021,132.0138595,351.5477036,152.147556,42.34907844,NA,280.8963968,304.1895641,188.600809,191.9111221,144.8669975,51.06288458,267.8171442,45.7400428,10.19149973,71775,76458.33333,81983.33333,86616.66667,93241.66667,103866.6667,109641.6667,116041.6667,117725,118550,122558.3333,122925,133491.6667,127583.3333,123616.6667,128766.6667,3949.942462,2057.119934,4518.413505,4260.352809,3378.665238,6148.515465,3544.896032,4619.220385,5043.289871,4803.691762,6714.767759,5590.10896,7121.600731,7325.153841,6571.402691,9830.496766,6.5,6.5,6.5,6.5,6.5,6.5,6.5,6.5,6.5,6.5,6.5,6.5,6.5,6.5,6.5,4,3.605551275,3.605551275,3.605551275,3.605551275,3.605551275,3.605551275,3.605551275,3.605551275,3.605551275,3.605551275,3.605551275,3.605551275,3.605551275,3.605551275,3.605551275,2.160246899,158.8333333,175,177.4166667,185.6666667,221.0833333,347.75,297.1666667,275.9166667,228,213.5,217.3333333,181.25,202.6666667,213.0833333,222,246.8333333,33.50667053,30.54356055,27.03687157,33.4754546,49.52952899,71.84721795,50.44498954,64.93977396,47.92418255,41.66860602,60.07772743,22.34085129,41.05281152,39.54849344,36.99631431,38.19642217,12424166.67,15056666.67,16101666.67,17732500,22989166.67,39833333.33,35582500,34684583.33,28792083.33,26949163.58,28923228.25,23176368.25,28060965.17,28806015,31289123.08,34335941,3042314.335,3170848.276,2862264.149,3872696.089,5321943.781,9403463.417,6730513.455,8840853.635,6274646.842,6186238.166,8878483.847,3624561.152,6230632.344,5108261.468,8114965.042,7640440.105
Laredo,NA,NA,NA,NA,NA,NA,NA,NA,9.24,8.958333333,8.363636364,7.216666667,5.866666667,5.441666667,5.6,5.4,NA,NA,NA,NA,NA,NA,NA,NA,0.442718872,0.296826651,0.417786374,0.491441911,0.382178762,0.308834564,0.266287609,0.276887462,NA,NA,NA,NA,NA,NA,NA,NA,775.9,721,713.0909091,601.8333333,492.25,494.4166667,523.4166667,540.1428571,NA,NA,NA,NA,NA,NA,NA,NA,30.21938304,23.90131225,28.86331424,42.99224736,28.61063057,34.34704786,13.33115513,28.53902925,NA,NA,NA,118891.6667,125033.3333,125691.6667,132075,135941.6667,121358.3333,119320,116591.6667,124291.6667,134758.3333,137666.6667,144825,147128.5714,NA,NA,NA,8808.720713,10446.25495,14239.28358,12055.86428,10498.43783,8835.10131,6328.910737,10287.19048,9957.95327,12394.90059,11411.1057,11753.38443,7150.224772,6.5,6.5,6.5,6.5,6.5,6.5,6.5,6.5,6.5,6.5,6.5,6.5,6.5,6.5,6.5,4,3.605551275,3.605551275,3.605551275,3.605551275,3.605551275,3.605551275,3.605551275,3.605551275,3.605551275,3.605551275,3.605551275,3.605551275,3.605551275,3.605551275,3.605551275,2.160246899,NA,NA,NA,45.16666667,59.66666667,72.41666667,91.08333333,87.91666667,82.33333333,82,84.41666667,82.75,87.41666667,92.08333333,97.5,100.8571429,NA,NA,NA,14.94129928,10.16530045,11.86636448,18.09298374,14.85969737,9.509166232,12.11310335,18.96627789,16.19834447,12.50060605,11.61862403,15.70466057,12.60196508,NA,NA,NA,6199088.417,8426718.333,10374776.17,14524281.75,13583861.5,11345361,11144535.67,11356055.42,11484360.42,13064349.25,14113335.42,15795476.92,16394772.43,NA,NA,NA,2407273.658,1734290.376,1588664.569,4276867.328,2124477.091,1776216.53,1759688.366,2672922.535,2293548.337,2271790.549,2173026.233,2784275.545,2986162.339
Longview-Marshall,8.257142857,6.825,6,NA,5.733333333,5.858333333,5.075,5.55,6.85,8.225,9.05,10.03636364,9.591666667,9.716666667,10.06666667,9.342857143,0.113389342,0.402669663,NA,NA,0.723417814,0.156427929,0.283244193,0.462208139,0.579184379,0.741160024,0.239317211,0.654633832,0.271220586,0.500605694,0.667877688,0.181265393,1075.142857,1010.25,943,NA,1081.666667,1167.5,1104.75,1246.166667,1371.75,1422.083333,1609,1657.363636,1652.833333,1760.083333,1860.75,1829.857143,10.73046398,45.84991042,NA,NA,122.6961015,15.90597372,59.41246426,97.61970119,110.4273723,75.4398717,77.07729297,80.76419098,66.17721845,94.92912029,104.756102,56.98663168,80827.27273,81663.63636,88766.66667,89475,93866.66667,99866.66667,110783.3333,122633.3333,123633.3333,123241.6667,126425,132127.2727,134875,139575,139775,143857.1429,5369.18819,4853.714604,3957.692931,4713.255003,7175.125382,6809.930361,10303.82394,7158.1274,6850.392601,7076.39589,6412.930829,9735.614096,8512.357328,9844.991805,6332.474025,8923.911165,6.5,6.5,6.5,6.5,6.5,6.5,6.5,6.5,6.5,6.5,6.5,6.5,6.5,6.5,6.5,4,3.605551275,3.605551275,3.605551275,3.605551275,3.605551275,3.605551275,3.605551275,3.605551275,3.605551275,3.605551275,3.605551275,3.605551275,3.605551275,3.605551275,3.605551275,2.160246899,135.1818182,153.2727273,144.6666667,159.75,190.25,208,224.6666667,215.75,191.4166667,169.25,173.25,164,176.5,183.3333333,192.5,208.1428571,32.40005612,36.29625575,32.33161507,33.50746186,37.0604543,39.51524447,37.0364276,46.70044773,34.16393189,36.77727806,41.08997887,35.47393409,41.11734869,31.06396139,31.62421397,56.03995174,13185000,15479090.91,14641666.67,17149583.33,21091250,24670833.33,28782916.67,30134583.33,26982500,23376666.67,23957096.75,27078155.82,25784993.58,29292851.58,30251987.58,33547708.43,3313769.002,3865280.597,2896658.995,4221091.23,5140519.131,5427496.423,6239031.997,8264045.745,5480376.77,5393776.857,6046374.492,10569418.68,6618482.792,7254752.481,4841057.136,11007334.48
Lubbock,3.875,3.983333333,2.983333333,3.475,4.575,5.283333333,5.45,6.083333333,5.416666667,5.416666667,6.475,7.575,6.116666667,3.827272727,3.225,3.2,0.154478595,0.309936455,0.224957909,0.449494666,0.381682876,0.240580107,0.303015151,0.356328075,0.140345893,0.25878504,0.811424113,0.559423404,0.708177345,0.219503572,0.34410622,0.182574186,765.5833333,811.1666667,689.5,853,1132.916667,1350.5,1509.916667,1743.416667,1542.583333,1413.416667,1641.5,1705.333333,1552.166667,1189.818182,1029,1033.142857,25.8121125,45.46293862,49.59563764,126.9745859,91.55471125,89.85291011,85.56492307,116.7386034,52.08988444,64.42537379,145.6861508,74.86877409,126.4478573,58.00485873,94.34077495,62.36833751,81708.33333,83816.66667,87591.66667,94708.33333,96666.66667,98825,100650,103466.6667,109866.6667,112141.6667,114300,115966.6667,120441.6667,126290.9091,134800,137485.7143,3939.187349,3238.920509,4658.025007,5542.801775,3927.833854,6331.03826,6540.294683,4161.58478,5388.933666,3183.896507,4717.086928,6816.468472,4378.347204,4220.060318,5524.984574,4394.097773,6.5,6.5,6.5,6.5,6.5,6.5,6.5,6.5,6.5,6.5,6.5,6.5,6.5,6.5,6.5,4,3.605551275,3.605551275,3.605551275,3.605551275,3.605551275,3.605551275,3.605551275,3.605551275,3.605551275,3.605551275,3.605551275,3.605551275,3.605551275,3.605551275,3.605551275,2.160246899,192.25,219.25,241.0833333,251.25,241.5,270.25,277.9166667,290.4166667,270.4166667,265.75,237.0833333,231.0833333,277.5833333,337.4545455,312.4166667,349.7142857,46.61471676,44.6809396,47.27762941,56.01643428,72.94269233,66.95062631,63.96228766,69.85759324,82.6223152,74.77739693,73.92558707,60.9104534,64.04608899,80.08540895,70.3852494,96.69662918,19522528.25,22549583.33,26641250,29747916.67,29250416.67,33058750,34971250,37471250,36628333.33,35450107.67,32775508.83,33552370.25,41149699.67,52236989.36,50982503.17,58235731.86,5023814.422,5150052.717,5901812.174,6679962.39,8796477.719,8524989.236,8542157.521,9676884.154,11417619.82,9744156.344,9972353.676,9587184.9,10462687.53,12491063.14,12634807.33,16915448.79
Lufkin,8.2625,9.825,7.3,13,14.425,11.9,NA,NA,NA,NA,9.025,9.6,9.675,9.1,8.708333333,7.457142857,0.424053568,0.740173725,NA,1.276714533,0.377491722,NA,NA,NA,NA,NA,0.357571172,0.56729021,0.407040315,0.378993883,2.228924867,0.161834719,351.625,412.125,370,720.6666667,793.25,720,NA,NA,NA,NA,400.125,403.25,421.9166667,427.1666667,431.25,403.8571429,7.726346392,29.98303092,NA,55.13921774,26.57536453,NA,NA,NA,NA,NA,14.85585503,14.82703305,18.31272947,17.97894391,108.2817243,8.434622525,77558.33333,82991.66667,79925,80283.33333,88891.66667,93225,100391.6667,102808.3333,109300,115008.3333,116300,106141.6667,124141.6667,123866.6667,132458.3333,139757.1429,11156.36454,5268.855031,5276.900778,4171.2944,10179.43188,8989.60258,18135.12204,12256.75757,11893.4665,11685.22442,18545.96256,13528.72085,12927.80361,12929.97457,19066.41304,16421.92205,6.5,6.5,6.5,6.5,6.5,6.5,6.5,6.5,6.5,6.5,6.5,6.5,6.5,6.5,6.5,4,3.605551275,3.605551275,3.605551275,3.605551275,3.605551275,3.605551275,3.605551275,3.605551275,3.605551275,3.605551275,3.605551275,3.605551275,3.605551275,3.605551275,3.605551275,2.160246899,42.16666667,43.16666667,58,54.08333333,60.25,66.41666667,69.5,62.83333333,52.33333333,47.08333333,42.5,42.16666667,44.91666667,48.16666667,53.08333333,55.42857143,10.87811258,12.1717507,11.03712743,11.91224224,12.12154356,16.64308938,15.90597372,13.31324244,15.35834587,9.38527215,9.239244361,13.23104705,10.27316304,11.134168,9.903703011,13.91470616,3791250,4414166.667,5642916.667,5270833.333,6349583.333,7698750,8613333.333,7692500,6740000,6371944.167,5839252.5,5333610.417,6165021.917,7037714.417,8035037.833,9023892.857,941177.0315,1291550.923,1226132.979,1294191.277,1298561.194,2003408.601,2334413.819,1849863.017,2167497.51,1351793.32,1656525.864,1752228.633,1592438.926,2188863.27,1971563.704,3029171.368
McAllen,13.11,NA,9.6,9.85,10.26666667,NA,NA,13.5,14.55833333,13.2,13.00909091,14.7,14.725,13.75833333,13.46666667,12.55714286,7.494360843,NA,0.2,0.212132034,0.2081666,NA,NA,NA,0.638831794,0.52048928,0.762173924,0.626679561,0.801277389,0.284312035,0.71265615,0.582686716,1259.2,NA,1276.666667,1340,1565.666667,NA,NA,2573,2728.5,2185.666667,2207.454545,2220.583333,2161.083333,2218,2226.333333,2185.285714,740.0293988,NA,20.30599255,19.79898987,48.85011088,NA,NA,NA,150.1069316,78.07843764,137.1060638,53.6426871,53.82540518,52.68603403,78.95376476,72.23275869,80020,83525,87700,90591.66667,95691.66667,100141.6667,109983.3333,110983.3333,101425,99641.66667,103908.3333,104566.6667,104616.6667,113475,116408.3333,120742.8571,5483.875353,5954.696389,2802.920555,5013.882243,8348.484711,6731.264684,5559.567238,9627.501643,7687.075931,7015.626497,9089.200218,6679.185216,7424.264069,4906.975554,8708.351095,5990.508365,6.5,6.5,6.5,6.5,6.5,6.5,6.5,6.5,6.5,6.5,6.5,6.5,6.5,6.5,6.5,4,3.605551275,3.605551275,3.605551275,3.605551275,3.605551275,3.605551275,3.605551275,3.605551275,3.605551275,3.605551275,3.605551275,3.605551275,3.605551275,3.605551275,3.605551275,2.160246899,100.3,126,134.5833333,144.9166667,170.4166667,194.5,210.8333333,190.5,179.3333333,163.25,165.3333333,145.3333333,155.6666667,161.0833333,175.9166667,169.5714286,21.44268847,18.4292258,22.4720365,23.7466106,20.22356112,30.2429556,36.83336761,24.97817229,33.24108447,20.29834297,42.98273085,34.33612816,34.45770354,24.84665089,31.44824994,33.47564858,9892500,12860833.33,14543333.33,16093750,19734166.67,23708750,27724166.67,25147083.33,22420000,19561185.33,20742528.08,18056240.08,19381263.5,21578527.92,23843533.67,22722674.57,2238948.476,2232402.735,2703369.39,3495468.576,2575438.915,4385261.537,5730671.4,2965298.895,4621250.815,3190100.806,5036769.638,3987914.936,4597178.747,4364846.773,5191567.112,5596122.136
Midland,NA,NA,NA,NA,NA,NA,1.533333333,1.8,2.5,4.3,5,4.641666667,3.141666667,2.75,3.433333333,4.383333333,NA,NA,NA,NA,NA,NA,0.115470054,0.25226249,0.671497648,0.25584086,1.859129806,0.569622416,0.49810246,0.494515373,0.558135424,1.166904738,NA,NA,NA,NA,NA,NA,271.1111111,275.0833333,382.5833333,546.1666667,634.4166667,620.6666667,476.6666667,435.25,549.75,715,NA,NA,NA,NA,NA,NA,17.51745162,35.65098069,96.08089237,11.60590236,238.1727632,58.63962876,80.98297614,74.2674834,99.82359441,194.6175737,NA,NA,NA,NA,NA,NA,130790,159950,172633.3333,170483.3333,175433.3333,184991.6667,207133.3333,225833.3333,246483.3333,239950,NA,NA,NA,NA,NA,NA,13424.72429,13336.04139,8660.498971,7840.551156,9571.675386,14443.39788,13446.41441,18331.75751,15062.82802,9641.73221,6.5,6.5,6.5,6.5,6.5,6.5,6.5,6.5,6.5,6.5,6.5,6.5,6.5,6.5,6.5,4,3.605551275,3.605551275,3.605551275,3.605551275,3.605551275,3.605551275,3.605551275,3.605551275,3.605551275,3.605551275,3.605551275,3.605551275,3.605551275,3.605551275,3.605551275,2.160246899,NA,NA,NA,NA,NA,NA,160.4,151.5,147.25,121.0833333,125.3333333,145.75,158.25,154.25,170.8333333,143.5,NA,NA,NA,NA,NA,NA,24.4003643,26.88527816,38.05528275,28.20205774,29.77898384,29.85457175,24.27540843,30.15151134,28.09669451,53.96943579,NA,NA,NA,NA,NA,NA,23933000,27664583.33,28714583.33,23427648.42,25237551.67,30680252.58,37566485.33,39340382.17,49135376.33,39796218.67,NA,NA,NA,NA,NA,NA,4758035.426,5565969.432,8268001.973,6152901.882,5493770.549,6888324.301,5547506.466,7530741.055,10670458.47,16750379.61
Montgomery County,6.433333333,7.463636364,8.075,8.391666667,7.508333333,6.525,5.258333333,5.4,6.316666667,7.2,7.55,7.283333333,5.55,3.666666667,3.175,3.9,0.349891758,0.436515125,0.463435785,0.46212618,0.320392751,0.70340083,0.206522433,0.316227766,0.419595765,0.559220236,0.4981785,0.71583814,0.730504185,0.405268336,0.24908925,0.42031734,2384.75,2763.363636,3196.5,3623.583333,3803.166667,3710,3532,3807.75,3795.25,3497.916667,3831.416667,3626.916667,3015.416667,2437.916667,2346.166667,2973.285714,163.9911999,144.4612562,234.78404,141.7965626,153.9993113,219.1338321,131.7035238,210.5745927,236.3076289,207.2462121,316.932014,302.1355681,260.8038128,159.9593462,199.6605453,346.5278797,131025,135141.6667,139391.6667,142091.6667,142416.6667,156233.3333,162025,170383.3333,174200,176375,178558.3333,183641.6667,191616.6667,210150,231866.6667,239028.5714,7168.507516,6313.255655,3636.046388,8068.508743,9464.078818,7751.285328,6724.733858,8038.863933,10209.44304,14121.42956,9279.837218,7683.684998,12210.48978,14994.08974,11601.51505,14974.39084,6.5,6.5,6.5,6.5,6.5,6.5,6.5,6.5,6.5,6.5,6.5,6.5,6.5,6.5,6.5,4,3.605551275,3.605551275,3.605551275,3.605551275,3.605551275,3.605551275,3.605551275,3.605551275,3.605551275,3.605551275,3.605551275,3.605551275,3.605551275,3.605551275,3.605551275,2.160246899,377.1666667,378.5833333,405.4166667,469.9166667,529.0833333,622.75,703.9166667,674.25,530.9166667,493.6666667,495.0833333,507.5,591.4166667,729.3333333,750.5833333,782,74.20589701,88.53911137,84.31807563,106.8435205,104.5757301,146.160637,155.3151976,139.7583141,126.7204929,108.4932619,107.7728743,113.1206114,147.1847684,179.4310875,157.6592749,201.3057376,62140803.58,64210800,72912306,83420592.42,98215563.08,128553827.4,152382569.9,155794718.8,126541166.8,113873558.3,118777074.5,126010729.8,148621710.3,200723471.3,219642152.5,243972280.7,14239316.75,17154006.29,17163386.86,23192976.87,24471498.29,35099056.87,39342039.87,38862904.15,36813555.38,31320242.06,26794913.31,31986832.93,40636537.12,59297232.99,52646821.79,76840997.74
Nacogdoches,NA,NA,2,7.354545455,7.5,5.9,4.8,5.8,8.433333333,8.558333333,7.71,9.033333333,8.683333333,9.741666667,10.675,9.971428571,NA,NA,NA,5.313824167,NA,1.054514106,0.141421356,0.91214034,0.835935332,0.715361744,0.582046199,1.079842862,0.487728191,0.57754706,0.860364616,0.457217256,212,NA,66,228.9090909,234,205,193,215.8333333,272.4166667,245.5,259.7,267,239.9166667,275.0833333,293.5833333,278.7142857,NA,NA,NA,168.5837801,NA,26.25261892,4.69041576,20.74045965,35.67901938,12.65270363,24.24894041,22.91486219,12.39104026,10.86661554,18.1931972,9.759000729,88800,85050,89933.33333,91541.66667,111383.3333,74850,117708.3333,119158.3333,125433.3333,122783.3333,126025,126316.6667,142058.3333,132475,140283.3333,150728.5714,NA,8007.780308,15002.02007,12254.68061,17470.32983,21877.19859,12604.86618,22632.65775,14645.65299,17265.35329,21161.59149,20900.23198,16356.73108,18847.09406,23266.8642,20440.62249,6.5,6.5,6.5,6.5,6.5,6.5,6.5,6.5,6.5,6.5,6.5,6.5,6.5,6.5,6.5,4,3.605551275,3.605551275,3.605551275,3.605551275,3.605551275,3.605551275,3.605551275,3.605551275,3.605551275,3.605551275,3.605551275,3.605551275,3.605551275,3.605551275,3.605551275,2.160246899,19,33.08333333,32.41666667,31.83333333,33.58333333,38.41666667,41.66666667,34.08333333,30.41666667,30.16666667,33.5,26.91666667,27.16666667,29.83333333,26.83333333,29.57142857,NA,6.801849125,8.306167843,8.9018214,6.881573992,10.38756541,8.172385135,8.532913105,7.692479602,13.48287354,9.170109546,8.490190418,8.716059716,10.15187697,8.72648355,8.079957567,1875000,3409583.333,3387916.667,3362500,4292500,3226250,5667500,4917083.333,4127916.667,4074116.667,4410077.75,3915689.667,4098799.167,4516642.083,4139903.833,5060117.429,NA,973868.7104,1140668.581,965595.6711,1096907.844,919310.8214,1367766.095,1211185.479,1134573.325,1564530.844,1778502.626,1270562.199,1324779.637,1723202.671,1522100.592,1574146.847
NE Tarrant County,3.566666667,4.033333333,5.016666667,5.975,5.708333333,5.090909091,4.775,4.866666667,5.283333333,5.783333333,6.041666667,5.841666667,3.791666667,2.266666667,1.8,1.6,0.172328087,0.253460893,0.421756788,0.372033723,0.407784108,0.522407017,0.24908925,0.305505046,0.301008406,0.511385521,0.485158518,0.897935342,0.637407153,0.290245455,0.208893187,0.238047614,2130.333333,2507.5,3177.25,3970.333333,4061.75,3937.363636,3901.583333,3840.833333,3627.583333,3291.5,3453.75,3033.75,2260.166667,1654.166667,1400,1284.571429,77.71665708,188.0611603,251.6776889,246.343564,213.6620633,307.5234211,214.8798643,254.9223887,289.6243518,314.886271,331.8836392,383.6705796,277.3490854,176.8696661,166.7714822,211.7395075,138058.3333,144133.3333,148416.6667,150800,152266.6667,159341.6667,159083.3333,163966.6667,164508.3333,160375,170233.3333,166941.6667,175166.6667,186608.3333,200116.6667,223614.2857,4653.924704,6474.893237,6933.952478,6003.635262,6319.138798,6695.651008,6762.575267,6331.211766,7684.749754,8079.280459,10768.83832,6668.577378,6932.706848,9872.133262,12731.26669,16215.57159,6.5,6.5,6.5,6.5,6.5,6.5,6.5,6.5,6.5,6.5,6.5,6.5,6.5,6.5,6.5,4,3.605551275,3.605551275,3.605551275,3.605551275,3.605551275,3.605551275,3.605551275,3.605551275,3.605551275,3.605551275,3.605551275,3.605551275,3.605551275,3.605551275,3.605551275,2.160246899,597.4166667,634.4166667,656.75,670,748.1666667,802.4166667,827.5,739.9166667,635.0833333,557.1666667,535,544.5,654.75,786.8333333,795.4166667,826.1428571,123.453678,142.4617705,111.1936272,132.0523312,148.1226969,176.3145218,186.8604243,160.8627073,159.4618554,121.1616751,134.8325561,131.6686613,160.5610193,205.2895221,199.937926,260.6539395,106696369.6,115115700.7,122554904.9,128263881.7,146919845.9,170665032.1,180706566.2,172697899.4,147830610.7,122653210.2,121748482.3,124121790.2,158317947.7,198190579,214164090.2,246461906.4,22126053.33,32222516.63,26553825.08,29431023.53,34603152.16,44216189.38,47762719,44634586.19,43906478.77,31004711.55,29812626.36,32752910.79,48016139.9,61857909.34,63212614.61,94580823.49
Odessa,NA,NA,NA,NA,NA,NA,NA,NA,0.8,5.366666667,5.433333333,4.5,2.333333333,2.35,2.541666667,2.728571429,NA,NA,NA,NA,NA,NA,NA,NA,NA,1.251423432,1.44306072,1.132976771,0.328449064,0.372948936,0.648716682,0.197604704,NA,NA,NA,NA,NA,NA,164,NA,91,437.9166667,433.5,372,214.6666667,225,254.9166667,275.4285714,NA,NA,NA,NA,NA,NA,NA,NA,NA,38.97192074,108.9449402,92.57429449,34.60775881,42.958754,62.12371577,22.92638322,NA,NA,NA,NA,NA,NA,87750,113166.6667,121500,131175,129100,139508.3333,150125,161816.6667,171883.3333,176114.2857,NA,NA,NA,NA,NA,NA,14428.79066,9191.827727,10848.96308,8622.183335,13058.40029,6927.869715,8212.974768,8690.520785,12515.57817,12002.83697,6.5,6.5,6.5,6.5,6.5,6.5,6.5,6.5,6.5,6.5,6.5,6.5,6.5,6.5,6.5,4,3.605551275,3.605551275,3.605551275,3.605551275,3.605551275,3.605551275,3.605551275,3.605551275,3.605551275,3.605551275,3.605551275,3.605551275,3.605551275,3.605551275,3.605551275,2.160246899,NA,NA,NA,NA,NA,NA,128.5833333,112.5,112.0833333,70.58333333,80.91666667,88.16666667,92.83333333,99.25,104,95,NA,NA,NA,NA,NA,NA,23.6045386,19.80587608,25.84730805,14.82294495,29.35506254,24.74169588,12.33497123,21.25227261,19.79898987,24.93992783,NA,NA,NA,NA,NA,NA,13958333.33,14997500,16157500,10316213,11498059.5,13425280.67,15426230,18078279.33,20062544.75,18192764.43,NA,NA,NA,NA,NA,NA,3647994.052,3328092.888,4222826.229,2345461.621,4030312.074,4152356.33,2340096.149,4151012.733,4839560.225,5605338.473
Paris,7.658333333,8.45,9.416666667,11.11666667,10.29166667,10.5,8.7,8.016666667,9.763636364,10.65833333,12.23333333,13.675,12.725,11.23333333,8.583333333,8.242857143,0.57280543,0.836116564,1.074356749,1.055576821,0.505350164,NA,2.294558781,1.623594964,0.905839641,0.79482226,1.935004502,0.935292856,0.767670621,0.773813853,0.761378335,0.359894164,299.6666667,323.5,347.0833333,412.25,410.9166667,406,389.4,349.5,353,324.25,338.75,348.4166667,357.25,356.25,303.0833333,297.5714286,23.70014704,27.92034123,36.6815741,32.27756046,12.21369078,NA,103.6209438,64.93283243,36.32629901,23.25794097,41.61320813,22.00602535,18.03594895,17.83828875,17.53675793,9.980934206,69400,70608.33333,72000,79916.66667,74716.66667,81750,87316.66667,78433.33333,82283.33333,93250,101516.6667,87333.33333,83175,86800,99033.33333,111271.4286,6610.597552,6585.998693,8508.712113,7397.644998,13827.89232,9761.287173,10555.46677,8146.759906,11533.73182,13217.79104,26865.17967,17435.45673,13752.29733,12120.23102,15495.88411,16902.23992,6.5,6.5,6.5,6.5,6.5,6.5,6.5,6.5,6.5,6.5,6.5,6.5,6.5,6.5,6.5,4,3.605551275,3.605551275,3.605551275,3.605551275,3.605551275,3.605551275,3.605551275,3.605551275,3.605551275,3.605551275,3.605551275,3.605551275,3.605551275,3.605551275,3.605551275,2.160246899,38.58333333,36.16666667,36.91666667,38.58333333,39.5,42.5,44.08333333,40.75,33.75,29.58333333,26.41666667,25.58333333,29.41666667,34.5,36.08333333,35.57142857,11.09838918,7.565872338,7.525210155,7.064100449,9.8580839,7.786935446,16.35658518,10.43704068,9.54534632,7.656943769,5.160308894,4.925967064,5.743903224,4.2958754,11.28521425,9.015859043,2952695,3014166.667,3127916.667,3512500,3468750,4035416.667,4646250,3985833.333,3353333.333,3171527.917,3288167.667,2731837,2975480.667,3672796.25,4218327.917,4296813.143,829879.7757,611918.8647,807837.9066,740133.5875,1306892.784,973294.4484,2099845.368,1001689.104,1058453.703,892612.9854,1547359.198,793386.7164,702837.926,544758.689,1301932.511,1393519.547
Port Arthur,6.166666667,6.91,6.15,6.466666667,6.983333333,6.409090909,4.518181818,5.366666667,6.909090909,9.083333333,10.59166667,12.45,10.8,10.825,9.608333333,7.45,0.488659267,0.409471204,0.384943916,0.418511069,0.611753565,0.546725791,0.430855386,0.810536672,0.43232984,1.14561086,1.620021511,0.69084928,0.969535971,1.714709093,0.856481527,0.225831796,349.4166667,398.8,377.25,424.5833333,465.1666667,465,343,453.75,560.0909091,665.0833333,628.1666667,648.9166667,596.4166667,669.3333333,640.1666667,535.1666667,26.82081394,16.68532289,21.92186538,28.26002102,41.69986556,48.92647545,27.97141398,75.21620353,43.53953272,80.64789727,63.89171711,28.07282197,15.43583984,105.4491117,36.26877779,15.61302875,65275,71580,68383.33333,74241.66667,79158.33333,84641.66667,91541.66667,105766.6667,115275,123550,105541.6667,107691.6667,111108.3333,116033.3333,115216.6667,117100,5095.653228,5895.723497,6797.035896,5961.765805,5671.693403,10857.54521,8486.937378,13239.49555,11445.85078,12705.36751,12922.45813,9678.97988,12089.17309,9329.652954,11709.03562,17357.89926,6.5,6.5,6.5,6.5,6.5,6.5,6.5,6.5,6.5,6.5,6.5,6.5,6.5,6.5,6.5,4,3.605551275,3.605551275,3.605551275,3.605551275,3.605551275,3.605551275,3.605551275,3.605551275,3.605551275,3.605551275,3.605551275,3.605551275,3.605551275,3.605551275,3.605551275,2.160246899,57.41666667,59,63.33333333,66.58333333,70.25,70.83333333,83.08333333,85,77,67.75,55.33333333,49.66666667,62.25,62.91666667,71.25,70.14285714,12.65240425,10.04434612,8.927315929,8.468748253,14.23264493,23.9386843,13.40595752,14.84465009,20.73205686,17.99558027,13.58698129,8.205689083,12.2557964,13.62790141,13.7253912,16.87630066,4407916.667,4877000,5162500,5759583.333,6472500,7060416.667,9005416.667,10661250,9999583.333,9642850.917,6344761.833,5996932,7805793.417,8195612.25,9471523,9846053.571,898778.1057,757841.2323,892108.0754,801060.2586,1388169.986,2378952.652,1797248.476,2367381.681,2769235.584,3053991.011,1324098.342,1100793.294,1867824.351,1819609.914,1875859.251,3029107.193
San Angelo,6.916666667,6.366666667,5.383333333,5.483333333,5.791666667,4.266666667,4.7,2.533333333,4.016666667,5.233333333,6.133333333,6.345454545,4.672727273,2.758333333,3.875,3.842857143,0.746912838,0.465800061,0.309936455,0.329830076,0.659832394,0.509901951,NA,0.54160256,0.86111274,0.311399578,0.67059449,0.660853443,0.384943916,0.46212618,0.372033723,0.293582146,653.3333333,619.5833333,532.75,558.0833333,620.75,529.4444444,624,335.0833333,493.25,548.5833333,623.6666667,603.1818182,486.4545455,375,488.25,495.2857143,69.10247112,35.3616596,30.00037879,37.64295982,56.29326619,49.79736718,NA,72.43738153,79.73949062,26.00859415,61.42450404,55.13949253,26.93831337,79.09487973,32.15622377,44.66435673,72980,78508.33333,77691.66667,81458.33333,86258.33333,90416.66667,98775,105608.3333,111750,113483.3333,116708.3333,121516.6667,124300,139300,152475,156728.5714,4694.867174,5510.066545,4208.316082,5009.347323,3431.792093,6732.125604,3980.66349,9888.878816,6497.901759,8932.355216,15155.52455,6428.60558,10498.05177,11748.11397,8786.469453,14013.17407,6.5,6.5,6.5,6.5,6.5,6.5,6.5,6.5,6.5,6.5,6.5,6.5,6.5,6.5,6.5,4,3.605551275,3.605551275,3.605551275,3.605551275,3.605551275,3.605551275,3.605551275,3.605551275,3.605551275,3.605551275,3.605551275,3.605551275,3.605551275,3.605551275,3.605551275,2.160246899,93.5,102.4166667,99,101.8333333,114.75,135.0833333,129.3333333,132.6666667,111.5,104,97.66666667,95.58333333,114.5,140.5833333,126.25,130.2857143,26.25919752,16.38435137,15.69597516,21.01875065,20.3564821,26.23480801,29.40109254,26.0221351,21.31367465,17.67381216,20.80355447,19.56089946,24.4298625,30.84111286,24.23417947,29.85361109,7835744.5,9050000,8670416.667,9447916.667,11542083.33,14165416.67,15103333.33,16817500,14108333.33,13233163.25,13136717.08,13224941.75,16340205.92,22105203.58,21764135.33,23206761.14,2386005.097,1706211.913,1697368.898,2126879.338,2334760.508,3098960.572,3407331.89,3903411.387,3046955.51,2576327.185,2797570.634,3039991.215,4137692.883,5287826.611,4872727.973,6782952.778
San Antonio,4.975,5.116666667,5.333333333,5.733333333,5.566666667,4.566666667,4.075,5.675,7.408333333,8.05,7.95,7.833333333,6.4,4.875,4.316666667,3.814285714,0.171225529,0.240580107,0.226969495,0.260535579,0.16583124,0.455937263,0.16583124,0.64543854,0.64308678,0.466125227,0.284445234,0.609520427,0.617914381,0.48265365,0.340676688,0.195180015,6408.166667,6820.166667,7076.75,8022.5,8772.888889,8444.916667,8649.583333,11968.08333,13296.58333,12193.83333,12724.16667,11886.83333,10349.66667,9134.416667,8883,8455,313.0956384,302.3705834,214.4702247,426.9133402,217.887267,467.4278667,581.2756283,1133.343923,598.6866624,538.6877715,670.3056065,795.4713678,699.4075848,537.4545153,626.9530938,664.1380379,93208.33333,98891.66667,106300,112758.3333,118116.6667,130033.3333,139700,147408.3333,147466.6667,147300,149858.3333,150983.3333,157950,168183.3333,178516.6667,190542.8571,4531.999024,5299.478248,4433.959855,6880.599648,6350.351935,7529.25607,5931.732845,4323.815305,5550.812116,5860.03413,7478.995841,3259.066607,6753.382991,8523.532487,8070.015583,8849.266852,6.5,6.5,6.5,6.5,6.5,6.5,6.5,6.5,6.5,6.5,6.5,6.5,6.5,6.5,6.5,4,3.605551275,3.605551275,3.605551275,3.605551275,3.605551275,3.605551275,3.605551275,3.605551275,3.605551275,3.605551275,3.605551275,3.605551275,3.605551275,3.605551275,3.605551275,2.160246899,1299.166667,1355.166667,1331.75,1488.5,1707.75,2002.833333,2180.75,1996.416667,1614.25,1560.25,1537.416667,1542.333333,1713.75,2008.916667,2130.916667,2350.714286,267.3437805,263.899028,219.6137622,258.306548,348.2481156,388.6776728,406.9119013,374.1860156,311.33762,333.0097255,348.3416448,303.4769224,314.9594851,413.1426032,393.8270175,557.9742271,155247478.9,168326172.4,174771332.2,205670700.3,245791839.4,313071503.2,369581361.9,359828894.3,293945229.2,278871312.7,282512676.6,283700089.7,330675565.6,415542697,461664642.8,542316278.3,34023424.64,35362429.13,31750833.01,43737688.26,60051510.98,71803873.25,80756882.7,77864441.91,64806952.31,63701733.09,65115808.08,62295595.25,71196760.83,99835795.89,101392897.3,151771220.1
San Marcos,7.083333333,8.366666667,NA,NA,NA,NA,NA,NA,7.575,9.4,10.525,8.325,8.141666667,5.8,4.283333333,3.816666667,0.963736416,0.351188458,NA,NA,NA,NA,NA,NA,0.644851404,1.292636488,5.421191583,0.721267823,0.929768626,1.550952786,0.604277681,0.411906138,216,258.3333333,NA,NA,NA,NA,NA,NA,164.25,171.9166667,213.4166667,170.3333333,147.8333333,120,104.75,96.33333333,30.06356901,1.527525232,NA,NA,NA,NA,NA,NA,15.54295124,13.80683845,119.0839722,12.6443184,15.31388754,29.15475947,13.37653984,10.46263192,110075,123333.3333,NA,NA,NA,138275,139691.6667,147500,148183.3333,144141.6667,141425,150950,156925,156950,161225,182616.6667,8744.465782,3055.050463,NA,NA,NA,17449.5181,20350.40577,24864.17649,15629.10067,24808.44645,35643.87299,15506.9779,12106.20615,12649.64965,13137.94816,26931.05395,6.5,6.5,6.5,6.5,6.5,6.5,6.5,6.5,6.5,6.5,6.5,6.5,6.5,6.5,6.5,4,3.605551275,3.605551275,3.605551275,3.605551275,3.605551275,3.605551275,3.605551275,3.605551275,3.605551275,3.605551275,3.605551275,3.605551275,3.605551275,3.605551275,3.605551275,2.160246899,30.16666667,31,NA,NA,NA,33.16666667,35.41666667,27.66666667,21.66666667,17.5,22.08333333,18.5,18.5,23,25.16666667,27.5,8.809430209,17.57839583,NA,NA,NA,11.62155782,11.87402309,12.2350713,8.003786982,6.244997998,9.624385065,11.1069184,7.128687244,8.112840552,9.3695186,8.734987121,3498333.333,3725000,NA,NA,NA,5045833.333,5429583.333,4537500,3502083.333,2885985.833,3257966.583,3138380.5,3183927.333,4287536.5,4665669.417,5968121,1069093.357,2005317.93,NA,NA,NA,1678459.566,1863819.951,1762768.355,1262217.49,1204735.836,1538682.229,1816750.975,1041636.32,1658613.358,1747881.441,2429144.208
Sherman-Denison,6.375,7.6,9.291666667,10.09166667,10.775,8.681818182,9.066666667,9.275,9.683333333,11.06666667,11.33333333,10.725,9,7.116666667,6.041666667,4.185714286,0.319445542,1.029563014,0.284312035,0.586915409,0.648249391,0.357262318,0.539921431,0.459495771,0.482103975,0.983808309,0.71265615,0.872952149,0.826823055,0.607279078,0.553432813,0.157359158,524.6666667,658.3333333,809.75,958.6666667,1117,1081.727273,1130.25,1170.583333,1076.25,992.9166667,1026.666667,927.4166667,817.1666667,752.25,700.6666667,539,28.99634251,62.49993939,37.4071578,50.08054119,56.47686574,46.32729413,57.93432802,52.92440292,63.17238321,51.24355096,79.77164378,64.94817281,52.0067012,40.22239313,52.2325801,26.06402374,76441.66667,83366.66667,86925,86841.66667,89775,95125,97091.66667,97833.33333,91441.66667,89766.66667,88633.33333,88091.66667,96825,105291.6667,110450,124914.2857,7361.751068,8656.29916,6291.85982,5530.980241,8390.159279,7710.927901,6809.813551,5045.85038,8185.403676,15967.4859,10299.27917,11130.01334,10896.79895,11322.17923,17908.73327,5375.07475,6.5,6.5,6.5,6.5,6.5,6.5,6.5,6.5,6.5,6.5,6.5,6.5,6.5,6.5,6.5,4,3.605551275,3.605551275,3.605551275,3.605551275,3.605551275,3.605551275,3.605551275,3.605551275,3.605551275,3.605551275,3.605551275,3.605551275,3.605551275,3.605551275,3.605551275,2.160246899,89.91666667,83.75,93.33333333,96.75,114,126,126.3333333,120.6666667,102.1666667,86.83333333,87.5,88.83333333,97.33333333,110.8333333,123.1666667,139.7142857,26.45221535,12.73595483,23.63484844,18.28126214,26.94438717,22.27513902,27.16392438,19.89670294,22.36813209,14.64633577,15.28814157,20.16672928,15.97915309,23.09991473,25.51232619,32.24755436,7895118.667,8132060.75,9496890.083,10012968.83,12166464.83,14225484.17,15630496.42,14596171.08,12013178.25,9707403.417,9784322.417,10333686.5,12263743.5,14558588.58,17054556,20400159.71,2270923.904,1372730.436,2501855.71,2358081.097,3367371.586,2381607.896,4457893.827,3048209.924,3359226.881,2576681.113,2249005.932,3004499.563,2304276.773,4134969.068,4441762.133,4904491.391
South Padre Island,NA,NA,NA,NA,NA,NA,NA,NA,NA,NA,52.7125,41.55833333,32.34166667,24.96363636,21.74166667,19.12857143,NA,NA,NA,NA,NA,NA,NA,NA,NA,NA,2.117571048,4.825398398,3.681516074,2.385905584,1.987441632,0.555920515,NA,NA,NA,NA,NA,NA,NA,NA,NA,1319.5,1328.454545,894.25,737.6666667,742,746.5,713.1428571,NA,NA,NA,NA,NA,NA,NA,NA,NA,42.54017709,50.11858664,124.6100281,33.0078044,25.61249695,36.66928365,23.01759162,NA,NA,NA,NA,NA,NA,NA,NA,NA,190425,198533.3333,179508.3333,185725,179958.3333,163941.6667,183300,NA,NA,NA,NA,NA,NA,NA,NA,NA,42316.92924,28759.35684,44542.04262,28879.66019,38731.34644,28250.42102,26930.89923,6.5,6.5,6.5,6.5,6.5,6.5,6.5,6.5,6.5,6.5,6.5,6.5,6.5,6.5,6.5,4,3.605551275,3.605551275,3.605551275,3.605551275,3.605551275,3.605551275,3.605551275,3.605551275,3.605551275,3.605551275,3.605551275,3.605551275,3.605551275,3.605551275,3.605551275,2.160246899,NA,NA,NA,NA,NA,NA,NA,NA,NA,30,22.66666667,20.33333333,26,32.75,37.33333333,35.71428571,NA,NA,NA,NA,NA,NA,NA,NA,NA,2.828427125,7.278028371,6.813533769,7.058199616,9.056639955,10.57727696,10.3394759,NA,NA,NA,NA,NA,NA,NA,NA,NA,7873665,5897756.083,4237466.083,6143824.667,7331128.333,8429494.667,8607274.571,NA,NA,NA,NA,NA,NA,NA,NA,NA,2020089.138,2155509.888,1407900.532,1834347.526,2204894.577,2439974.419,3132427.088
Temple-Belton,6.6,6.291666667,6.1,5.6,6.583333333,5.914285714,5.916666667,5.988888889,6.609090909,7.358333333,7.508333333,8.95,8.025,7.116666667,6.058333333,5.5,0.692820323,0.264431924,NA,0.294392029,0.324270744,0.52734736,0.462240918,0.340750805,0.144599761,0.701243484,0.536755122,0.641730615,0.598672774,0.653429183,0.5567084,0.3,586.4166667,591.0833333,584,555.375,673.75,716,876.5,985.6666667,1025.454545,1010.75,1088.666667,1138.25,1082.083333,1005.583333,887.0833333,843.5714286,48.42699911,22.81729142,NA,33.72128408,36.63362837,10.26320288,69.24954873,52.15361924,60.1105043,63.78532889,72.725303,62.37004672,66.71439579,74.97085292,76.25490546,59.88838825,88308.33333,89691.66667,95000,95750,99225,108075,114141.6667,118066.6667,121550,121158.3333,121741.6667,128350,127550,116108.3333,126366.6667,134985.7143,6222.168335,5251.053285,NA,4691.094077,3941.417604,7950.428805,9158.151693,7871.967911,7646.092288,5670.09032,12034.37941,9439.713016,6278.317667,13339.51467,15067.80634,11820.52291,6.5,6.5,6.5,6.5,6.5,6.5,6.5,6.5,6.5,6.5,6.5,6.5,6.5,6.5,6.5,4,3.605551275,3.605551275,3.605551275,3.605551275,3.605551275,3.605551275,3.605551275,3.605551275,3.605551275,3.605551275,3.605551275,3.605551275,3.605551275,3.605551275,3.605551275,2.160246899,92.08333333,95.91666667,74,100.6666667,107.9166667,136.75,159.8333333,161.25,143.5,146.3333333,134,128.0833333,138.9166667,145.9166667,148.6666667,164.1428571,20.05654884,18.72022889,NA,20.79044069,25.0615908,32.57194833,48.12830075,37.03591623,34.49505893,36.12688078,36.86338415,34.74702952,24.76602634,30.7939142,34.35201022,41.19234788,9900734.583,10670000,8925000,11292500,12851250,17243750,21530000,22336250,20030000,20490188.33,19027091.08,18049502.5,20195446.83,21179349.75,22492253.92,26208503.86,2532168.809,2616108.317,NA,2519950.847,3209008.715,4538080.354,7895745.114,6422285.109,5658722.551,5857758.203,6359587.355,6103059.814,4374990.254,6031920.468,6217443.01,7814199.028
Texarkana,NA,NA,NA,4.2,7.033333333,5.866666667,NA,6.6,7.725,8.291666667,8.683333333,9.825,9.03,10.325,9.391666667,6.342857143,NA,NA,NA,2.155612829,0.458257569,0.251661148,NA,NA,0.506548032,0.523030215,0.476413368,0.652442962,0.551865523,1.687992352,1.731766483,1.574650377,NA,268,NA,339.25,548,512,NA,530,577.9166667,578.5833333,642.0833333,707.0833333,670.7,733.6666667,769.5,571.2857143,NA,NA,NA,177.9857204,26.70674072,29.10326442,NA,NA,30.58359136,18.47090259,49.35116897,30.26686857,37.91818678,115.8096662,148.8254011,159.0458155,NA,79042.85714,79583.33333,83558.33333,87733.33333,94575,93258.33333,102825,100475,108975,111816.6667,102041.6667,103425,116425,103966.6667,111614.2857,NA,18896.72433,10502.71249,5308.048491,6326.902636,7838.845578,10080.98645,15922.83238,14181.55813,12005.53849,19568.14821,10203.15979,8703.408423,11077.99826,8446.552103,12834.77419,6.5,6.5,6.5,6.5,6.5,6.5,6.5,6.5,6.5,6.5,6.5,6.5,6.5,6.5,6.5,4,3.605551275,3.605551275,3.605551275,3.605551275,3.605551275,3.605551275,3.605551275,3.605551275,3.605551275,3.605551275,3.605551275,3.605551275,3.605551275,3.605551275,3.605551275,2.160246899,NA,95.71428571,78.66666667,80.08333333,82.66666667,90.41666667,94.16666667,80,75.58333333,67.58333333,75.16666667,73.66666667,74.58333333,71.58333333,85.58333333,100.5714286,NA,45.17637393,11.88836967,14.24754099,13.66703621,12.99271358,13.63707069,16.0113596,17.49523745,15.1264869,17.54906542,15.77301109,13.32433408,17.44319786,10.93333795,24.87875361,NA,10010714.29,7455416.667,7799166.667,8559166.667,10136666.67,10332500,9604583.333,8840000,8257450.833,8991720.917,8636714.417,8850265.083,10042253.25,10737955.67,13661350.43,NA,8004791.497,1602884.415,1425270.044,1451854.352,1528280.872,1814894.813,2326275.269,2409763.285,2084703.817,2113598.211,1866374.772,1918749.266,3330370.076,1942625.069,4505054.995
Tyler,8.9,9,8.75,9.091666667,9.308333333,7.891666667,7.966666667,9.083333333,10.25,11.83333333,12.63333333,13.46666667,11.58333333,10.18333333,8.758333333,7.157142857,0.48053001,0.69804923,0.509009734,1.299271358,1.052666168,0.420947704,0.347283833,0.652036437,0.588526666,0.904868984,0.912870929,1.108096922,0.645027601,0.623528571,0.817377551,0.26367368,1505.833333,1494.666667,1540.833333,1561.166667,1973.666667,2089,2334.25,2750.916667,2866.416667,2816.916667,3051.083333,3069.666667,2910.416667,2823.75,2670.333333,2448.142857,81.73553064,95.87807915,101.9971776,227.8675187,203.0281366,68.49419352,145.938421,194.9113824,127.3602324,120.2629379,226.4257688,184.6019469,122.9519184,159.7197119,172.1702822,131.0514257,93016.66667,101483.3333,101450,112333.3333,119075,123408.3333,130441.6667,133791.6667,133108.3333,131833.3333,135175,136216.6667,139250,146100,150466.6667,154714.2857,5154.668375,7988.267913,8955.800558,4923.105696,7095.981577,6207.979957,5976.690835,5175.8984,5943.898068,6798.573825,4782.187594,8505.16777,7983.221041,6725.528029,8543.400785,10390.60931,6.5,6.5,6.5,6.5,6.5,6.5,6.5,6.5,6.5,6.5,6.5,6.5,6.5,6.5,6.5,4,3.605551275,3.605551275,3.605551275,3.605551275,3.605551275,3.605551275,3.605551275,3.605551275,3.605551275,3.605551275,3.605551275,3.605551275,3.605551275,3.605551275,3.605551275,2.160246899,166.5833333,172.1666667,173,179.25,246.6666667,277.5833333,301.8333333,299.5833333,256.5,239.5,227.5,238.8333333,263.5,287.4166667,331.5,360,30.61033199,30.47452985,35.09467714,33.6941457,54.96831043,57.99288096,61.69843572,54.51181412,64.84316744,51.28972961,48.97958759,49.6200717,46.40239022,53.04964799,56.85308019,86.85044617,18870833.33,21110000,21521666.67,23825000,34685833.33,41544583.33,46987083.33,47476666.67,41250833.33,37104744.92,36346724.25,38553593.42,44010317.92,50325026.5,59601666,65815338.86,3955963.756,4731752.991,4986132.74,4766009.385,8701078.782,10532158.86,12145593,10293364.44,11769243.2,9067465.227,8394382.804,9405719.688,10229934.5,10325664.88,12761203.57,18452623.55
Victoria,5.216666667,4.966666667,5.225,5.916666667,5.15,4.666666667,4.233333333,4.975,5.766666667,7.166666667,6.858333333,5.208333333,3.85,3.816666667,3.458333333,3.8,0.607279078,0.661036835,0.931396801,0.537389876,0.287623491,0.296443566,0.391578004,1.352522895,0.422833157,0.642910051,0.529937103,0.945283347,0.323334895,0.119341628,0.137895437,0.152752523,299.8333333,306.8333333,331.25,337.9166667,334.5833333,332.3333333,326,386.1666667,427.25,444.4166667,425.8333333,333.0833333,282.75,283.3333333,276.9166667,295.1428571,29.28491183,37.74274965,35.78756767,18.79293065,11.93511498,18.14253332,30.56438807,107.4377903,29.5884652,20.51366876,38.30697381,45.67366126,26.46481369,9.509166232,11.91987136,14.07632257,84833.33333,84933.33333,87930,92341.66667,97891.66667,103683.3333,109633.3333,118400,123175,127708.3333,123608.3333,127091.6667,147008.3333,148966.6667,161400,173900,8196.377618,4852.803001,5419.72734,8912.958731,12126.26438,6891.342834,10994.48898,10577.50615,13165.25213,10224.52118,11419.79608,10349.39246,10312.78627,8621.045426,12062.18735,4243.033506,6.5,6.5,6.5,6.5,6.5,6.5,6.5,6.5,6.5,6.5,6.5,6.5,6.5,6.5,6.5,4,3.605551275,3.605551275,3.605551275,3.605551275,3.605551275,3.605551275,3.605551275,3.605551275,3.605551275,3.605551275,3.605551275,3.605551275,3.605551275,3.605551275,3.605551275,2.160246899,58.75,69.75,52.83333333,60.83333333,69.41666667,73.5,78.25,76.75,71.16666667,57.58333333,63,70.41666667,73.16666667,77.83333333,78.83333333,80.28571429,13.88998986,22.33678173,11.72280864,8.332121124,21.71073607,13.95772839,16.30462846,15.30374286,16.24154792,10.99138781,13.09406528,14.27304092,13.28590048,16.14611315,13.91423949,21.4686926,5603750,6868333.333,5479689,6512500,7890416.667,8826666.667,9732500,10312083.33,9953750,8033880.833,8700086.417,10400807.17,12372986,13013461.92,13996754.75,16168703.14,1650155.812,2458970.898,1207315.199,935634.204,2878838.511,1891638.7,1970292.433,2552966.597,3074690.025,1652354.242,1556796.737,2134350.407,2657056.745,3218276.847,2755226.715,5109187.84
Waco,NA,9.1,NA,5.1,5.74,5.81,7.25,8.416666667,8.666666667,8,8.590909091,9.616666667,8.816666667,7.166666667,6.466666667,4.714285714,NA,NA,NA,0,0.554977477,0.255821118,0.587974732,0.649358658,0.61987291,0.286038777,0.39103592,0.43658454,0.622068884,0.342008329,0.602016812,0.177281052,NA,840,NA,896.8888889,969.6,1112.6,1455.75,1736.833333,1700,1409.916667,1480.636364,1517.75,1470,1348.083333,1276.25,1020.142857,NA,NA,NA,6.193634725,95.95728216,57.96589035,132.0603217,98.48739344,115.5036402,57.16874278,56.14137997,50.36976907,55.11805512,45.40015685,93.92852699,17.48741044,NA,69500,NA,98340,99908.33333,108241.6667,109041.6667,114466.6667,110325,109716.6667,115883.3333,119358.3333,124641.6667,125466.6667,130216.6667,144285.7143,NA,NA,NA,8657.328302,7729.689907,8299.885906,5485.594081,7116.86005,5644.003254,8896.560452,10651.5755,4448.382409,9730.314237,10016.92507,9657.764971,5810.171705,6.5,6.5,6.5,6.5,6.5,6.5,6.5,6.5,6.5,6.5,6.5,6.5,6.5,6.5,6.5,4,3.605551275,3.605551275,3.605551275,3.605551275,3.605551275,3.605551275,3.605551275,3.605551275,3.605551275,3.605551275,3.605551275,3.605551275,3.605551275,3.605551275,3.605551275,2.160246899,82.58333333,101.125,NA,175.3333333,175.5,197.4166667,210.5,195.75,194.1666667,173.3333333,163.25,158.4166667,180,190.5,207.75,233.8571429,27.06375749,27.01024938,NA,36.1835598,34.80987321,40.70170498,43.35582167,39.94797753,46.47938611,35.36904999,35.06908766,30.26987201,34.96231738,39.25557285,40.91482283,51.76687671,7706040.667,10041597.25,NA,19870000,20124166.67,24112083.33,26053333.33,25990416.67,24465416.67,22627916.67,21720702.08,21237088.5,25309774.42,27630546.42,31136903.17,38830901.57,2969905.263,2618470.496,NA,5933935.246,4897034.74,6100440.17,6247593.112,6044128.427,6289137.988,5687424.109,4499167.2,4653965.655,6237858.664,6566763.501,7728364.998,9927134.262
Wichita Falls,5.708333333,6.65,5.15,4.666666667,4.408333333,4.441666667,4.975,5.441666667,6.333333333,7.083333333,7.683333333,8.616666667,8.208333333,7.133333333,7.441666667,6.614285714,0.391868098,0.418872947,0.603775997,0.274137767,0.206522433,0.29063671,0.313702233,0.296826651,0.41194292,0.329830076,0.493288286,0.613237805,0.450168319,0.649941722,0.692109205,0.338765265,700.5,816.4166667,729.4166667,691.6666667,695.75,730,851.5,925.5833333,931.1666667,931.75,959.4166667,974.8333333,896,841,876.6666667,794.1428571,36.72378471,38.58510861,65.31526111,36.30260029,30.8224387,44.26983377,57.57919447,38.06802126,45.22837672,24.17784485,45.17331943,58.5892223,41.22003044,52.91159007,73.05332216,26.28959599,70625,73750,77800,80375,82716.66667,94183.33333,94716.66667,96516.66667,97758.33333,102883.3333,98941.66667,98141.66667,100958.3333,105000,105675,100871.4286,7380.949064,5216.494818,5881.712799,5626.257435,5919.280259,4474.947096,8831.537839,7517.958298,8344.78153,10130.22779,10360.71762,10631.72425,12347.28224,10383.02811,12443.99271,13712.24687,6.5,6.5,6.5,6.5,6.5,6.5,6.5,6.5,6.5,6.5,6.5,6.5,6.5,6.5,6.5,4,3.605551275,3.605551275,3.605551275,3.605551275,3.605551275,3.605551275,3.605551275,3.605551275,3.605551275,3.605551275,3.605551275,3.605551275,3.605551275,3.605551275,3.605551275,2.160246899,118.0833333,133.5833333,148.4166667,149.5,162.6666667,167.25,171.6666667,162.6666667,138.5833333,127.3333333,123.4166667,106.25,112.4166667,121.25,117,134.4285714,20.91740612,16.66492415,20.62856948,26.89204005,32.86150921,29.3478356,28.11771791,30.1792624,33.02742203,25.36043208,26.61666714,19.76279792,14.24754099,26.00393327,21.09286825,37.85435749,9790012.75,11498333.33,12907500,13895416.67,15862500,18036250,18900416.67,17884583.33,15744166.67,14682677.42,14971977.33,12051749.33,13233082.92,14851337.58,14542497.5,16175048.86,1974533.35,1886829.15,2160403.477,2926633.544,3608649.647,3680289.097,3928549.037,3686032.271,4547356.292,3147377.809,4065988.183,2515368.212,2662282.64,3106453.558,3130814.6,5341452.465